date,firefox-version,firefox-interop-2023-events,firefox-interop-2024-layout,firefox-interop-2025-anchor-positioning,firefox-interop-2025-backdrop-filter,firefox-interop-2025-core-web-vitals,firefox-interop-2025-details,firefox-interop-2025-modules,firefox-interop-2025-navigation,firefox-interop-2025-remove-mutation-events,firefox-interop-2025-scope,firefox-interop-2025-scrollend,firefox-interop-2025-storageaccess,firefox-interop-2025-textdecoration,firefox-interop-2025-urlpattern,firefox-interop-2025-view-transitions,firefox-interop-2025-webassembly,firefox-interop-2025-webcompat,firefox-interop-2025-webrtc,firefox-interop-2025-writingmodes,interop-interop-2023-events,interop-interop-2024-layout,interop-interop-2025-anchor-positioning,interop-interop-2025-backdrop-filter,interop-interop-2025-core-web-vitals,interop-interop-2025-details,interop-interop-2025-modules,interop-interop-2025-navigation,interop-interop-2025-remove-mutation-events,interop-interop-2025-scope,interop-interop-2025-scrollend,interop-interop-2025-storageaccess,interop-interop-2025-textdecoration,interop-interop-2025-urlpattern,interop-interop-2025-view-transitions,interop-interop-2025-webassembly,interop-interop-2025-webcompat,interop-interop-2025-webrtc,interop-interop-2025-writingmodes,revision
2025-01-01T03:17:27,20250101031727,925,953,230,770,720,488,978,4,0,840,750,909,991,1,250,0,655,750,937,947,953,232,826,720,515,978,4,0,840,913,909,991,1,254,0,778,750,943,68cbfcd4931a1e35a337e8fd63c6223537411735
2025-01-01T21:24:21,20250101212421,925,953,230,770,720,488,978,4,0,840,750,909,991,1,250,0,655,750,937,947,953,232,826,720,515,978,4,0,840,913,909,991,1,254,0,778,750,943,b60410fc60da83deed5ee7141d5eba84e6100583
2025-01-02T09:18:53,20250102091853,925,953,230,770,728,488,978,4,0,840,750,909,991,1,250,0,655,750,937,947,953,232,826,728,515,978,4,0,840,913,909,991,1,254,0,778,750,943,27f9f8e7311a864b059f50e2a7e3988afddc35b9
2025-01-02T21:27:43,20250102212743,925,953,230,770,711,488,978,4,0,840,750,905,991,1,250,0,655,750,937,947,953,232,826,711,515,978,4,0,840,913,905,991,1,254,0,778,750,943,94c05b2b36188c127c71f09614343df6844c8f7b
2025-01-03T09:48:20,20250103094820,925,953,230,770,720,488,978,4,0,840,750,909,991,1,250,0,655,750,937,947,953,232,826,720,515,978,4,0,840,913,909,991,1,254,0,778,750,943,79da67e0e06664c5865a288a49a7bb5ad985085c
2025-01-03T21:52:21,20250103215221,925,953,230,770,736,488,978,4,0,840,750,909,991,1,250,0,655,750,937,947,953,232,826,736,515,978,4,0,840,913,909,991,1,254,0,778,750,943,a0bf2974a2a864dcf8ce7a219e9dd8af3f73caf0
2025-01-04T09:18:07,20250104091807,925,953,230,770,720,488,978,4,0,840,750,905,991,1,250,0,655,731,937,947,953,232,826,720,515,978,4,0,840,913,905,991,1,254,0,778,731,943,df36ae434250d4041fa340b6b852c15983b7c0c3
2025-01-04T12:05:05,20250104120505,925,953,230,770,720,488,978,4,0,840,750,905,991,1,250,0,655,750,937,947,953,232,826,720,515,978,4,0,840,913,905,991,1,254,0,778,750,943,334031c784f2a99b7ea054b94ccbeeeca433108b
2025-01-05T09:28:42,20250105092842,925,953,230,770,720,488,978,4,0,840,750,909,991,1,250,0,655,750,937,947,953,232,826,720,515,978,4,0,840,913,909,991,1,254,0,778,750,943,a36016924712120858870216a6a23bc9dfb021d3
2025-01-06T09:47:46,20250106094746,925,953,230,770,728,488,978,4,0,840,750,909,991,1,250,0,655,750,937,947,953,232,826,728,515,978,4,0,840,913,909,991,1,254,0,778,750,943,dd8b1488a379ee395592f636d084cf81117f3b4c
2025-01-06T14:47:31,20250106144731,925,953,230,770,728,488,978,4,0,840,750,909,991,1,250,0,655,750,937,947,953,232,826,728,515,978,4,0,840,913,909,991,1,254,0,778,750,943,dd9f5a143dd227e6a6271b78458950bfd6736161
2025-01-06T21:35:15,20250106213515,925,953,230,770,728,488,978,4,0,840,750,899,991,1,250,0,655,750,937,947,953,232,826,728,515,978,4,0,840,913,899,991,1,254,0,778,750,943,708f57803127c074075a1e65bcadd7303d14df8b
2025-01-07T04:48:52,20250107044852,925,953,230,770,720,488,978,4,0,840,750,905,991,1,250,0,655,750,937,947,953,232,826,720,515,978,4,0,840,913,905,991,1,254,0,778,750,943,6a4a59f6bf28402d07b1dec01820135f0450dead
2025-01-07T09:15:15,20250107091515,925,953,230,770,720,488,978,4,0,840,750,909,991,1,250,0,655,750,937,947,953,232,826,720,515,978,4,0,840,913,909,991,1,254,0,778,750,943,a568ac65fd4e6833bbee5cc341b3031de12f41a6
2025-01-07T16:24:28,20250107162428,925,953,230,770,728,488,978,4,0,840,750,909,991,1,250,0,655,750,937,947,953,232,826,728,515,978,4,0,840,913,909,991,1,254,0,778,750,943,00805601fb27614b77f3d55e0e00df3e90f40359
2025-01-07T16:51:24,20250107165124,925,953,230,770,720,488,978,4,0,840,750,909,991,1,250,0,655,750,937,947,953,232,826,720,515,978,4,0,840,913,909,991,1,254,0,778,750,943,114a69547c262e92d13156de8a309ee3de9ac35a
2025-01-08T04:42:02,20250108044202,925,953,230,770,728,488,978,4,0,840,750,905,991,1,250,0,655,750,937,947,953,232,826,728,515,978,4,0,840,913,905,991,1,254,0,778,750,943,810abd1d3a1bdda54242a855eb4ca1764c617105
2025-01-08T09:36:33,20250108093633,925,953,230,770,728,488,978,4,0,840,750,905,991,1,250,0,655,750,937,947,953,232,826,728,515,978,4,0,840,913,905,991,1,254,0,778,750,943,bf40d95ccc9bf4bb1337d18ed853231b83382b7c
2025-01-08T16:08:22,20250108160822,925,953,230,770,720,488,978,4,0,840,750,909,991,1,250,0,655,750,937,947,953,232,826,720,515,978,4,0,840,913,909,991,1,253,0,778,750,943,0c4a268be9cbe2bbddb5e5ae1f64a418598941e9
2025-01-08T21:56:53,20250108215653,925,953,230,770,711,488,978,4,0,840,750,905,991,1,250,0,655,750,937,947,953,232,826,711,515,978,4,0,840,913,905,991,1,253,0,778,750,943,278f379105b319fd8690296a78252df11b3ceb2f
2025-01-09T04:16:57,20250109041657,925,953,230,770,728,488,978,4,0,840,750,905,991,1,250,0,655,750,937,947,953,232,826,728,515,978,4,0,840,913,905,991,1,253,0,778,750,943,61a6063d8ba396772c254f57b38e0546b7f5863c
2025-01-09T09:32:25,20250109093225,925,953,230,770,720,488,978,4,0,840,750,909,991,1,250,0,655,750,937,947,953,232,826,720,515,978,4,0,840,913,909,991,1,253,0,778,750,943,6da2f152d57b1d53d526ce821330553db4947c84
2025-01-09T18:35:05,20250109183505,925,953,230,770,736,488,978,4,0,840,750,909,991,1,250,0,655,750,937,947,953,232,826,736,515,978,4,0,840,913,909,991,1,253,0,778,750,943,d342dabbf5220645f92f272afd499780c3890a9c
2025-01-10T09:49:27,20250110094927,925,953,230,770,720,488,978,4,0,840,750,909,991,1,250,0,679,750,937,947,953,232,826,720,515,978,4,0,840,913,909,991,1,253,0,785,750,943,9c18ffcb71e3ba3fb77093494dc190bb411840e3
2025-01-10T21:44:02,20250110214402,925,953,230,770,563,488,978,4,0,840,750,909,991,1,250,0,679,750,937,947,953,232,826,563,515,978,4,0,840,913,909,991,1,252,0,785,750,943,86f62a648ef0e51bbb66ef7241df70b3b47a5eec
2025-01-11T09:16:48,20250111091648,925,953,230,770,554,488,978,4,0,840,750,909,991,1,250,0,679,750,937,947,953,232,826,554,515,978,4,0,840,913,909,991,1,252,0,785,750,943,dbf9beb835a23a0c30c19de13c77aa1c49c6c6ef
2025-01-11T21:35:35,20250111213535,925,953,230,770,554,488,978,4,0,840,750,905,991,1,250,0,679,750,937,947,953,232,826,554,515,978,4,0,840,913,905,991,1,252,0,785,750,943,3b597e62bd28015328688468f817ad50d4d42106
2025-01-12T09:01:42,20250112090142,925,953,230,770,546,488,978,4,0,840,750,909,991,1,250,0,679,750,937,947,953,232,826,546,515,978,4,0,840,913,909,991,1,252,0,785,750,943,abc92a41910764a2dc98aea04074bc746fa2c194
2025-01-12T21:22:31,20250112212231,925,953,230,770,563,488,978,4,0,840,750,905,991,1,250,0,679,750,937,947,953,232,826,563,515,978,4,0,840,913,905,991,1,252,0,785,750,943,44910f21eb087422dbc3e28ac1e819797bc45f0b
2025-01-13T09:36:12,20250113093612,925,953,230,770,554,488,978,4,0,840,750,909,991,1,250,0,679,750,937,947,953,232,826,554,515,978,4,0,840,913,909,991,1,252,0,785,750,943,000fac19cadd6513cd37a07e0dc4a357a029ffc1
2025-01-13T21:45:19,20250113214519,929,953,230,837,554,488,978,4,0,840,750,902,991,1,250,0,679,750,937,952,953,230,837,554,515,978,4,0,840,913,902,991,1,252,0,785,750,943,9c70867f63dbaa2414f4d9279a83d69382155a0b
2025-01-14T04:54:49,20250114045449,929,953,230,837,554,488,978,4,0,840,750,909,991,1,250,0,679,750,937,952,953,230,837,554,515,978,4,0,840,913,909,991,1,252,0,785,750,943,ac367fb8ccac94f17ee75cfd20c286ae3206dc34
2025-01-14T09:35:20,20250114093520,929,953,230,837,554,488,978,4,0,840,750,909,991,1,250,0,679,750,937,952,953,230,837,554,515,978,4,0,840,913,909,991,1,252,0,785,750,943,234c9429e537609d3f10c999f7fc808af688ec3d
2025-01-14T16:30:33,20250114163033,929,953,230,837,554,488,978,4,0,840,750,909,991,1,250,0,679,750,937,952,953,230,837,554,515,978,4,0,840,913,909,991,1,252,0,785,750,943,6b0b18434da4cb5c9031a09bf081d6761c3618e2
2025-01-14T21:23:41,20250114212341,929,953,230,837,554,488,978,4,0,840,750,902,991,1,200,0,679,750,937,952,953,230,837,554,515,978,4,0,840,913,902,991,1,202,0,785,750,943,933bfbddaf61376385fb1efae72d62d81e6f8b91
2025-01-15T04:28:32,20250115042832,929,953,230,837,563,488,978,4,0,840,750,905,991,1,200,0,679,750,937,952,953,230,837,563,515,978,4,0,840,913,905,991,1,202,0,785,750,943,5904a2d552f20438e7ad97da0c18095bc3598190
2025-01-15T16:35:36,20250115163536,929,953,230,837,554,488,978,4,0,840,750,902,991,1,200,0,679,750,937,952,953,230,837,554,515,978,4,0,840,913,902,991,1,202,0,785,750,943,70821984b16153eeba8fc1994851d77b3fbe00d9
2025-01-15T21:57:20,20250115215720,929,953,230,837,554,488,978,4,0,840,750,909,991,1,200,0,679,750,937,952,953,230,837,554,515,978,4,0,840,913,909,991,1,202,0,785,750,943,f7524feb52aa820a5e877b14b4a0a02815cf3ae8
2025-01-16T15:32:42,20250116153242,929,953,230,837,563,488,978,4,0,840,750,905,991,1,200,0,679,750,937,952,953,230,837,563,515,978,4,0,840,913,905,991,1,201,0,785,750,943,bf920dd0a5a1bae0a0a5fb547a80dd88ac2ac4e7
2025-01-16T21:40:17,20250116214017,929,953,230,837,554,488,978,4,0,840,750,909,991,1,200,0,679,808,937,952,953,230,837,554,515,978,4,0,840,913,909,991,1,201,0,785,808,943,261049524fa0acc65435a696e445d1afae7af521
2025-01-17T05:04:24,20250117050424,929,953,230,837,554,488,978,4,0,840,750,909,991,1,200,0,679,808,937,952,953,230,837,554,515,978,4,0,840,913,909,991,1,201,0,785,808,943,8f540550593bf5be1adadd5155256071ee09827e
2025-01-17T09:59:07,20250117095907,929,953,230,837,554,488,978,4,0,840,750,905,991,1,200,0,679,808,937,952,953,230,837,554,515,978,4,0,840,913,905,991,1,201,0,785,808,943,3bbdb176dcee489c33f56a80ace0b07d94d1c723
2025-01-17T21:57:54,20250117215754,929,953,230,837,554,567,978,4,0,840,750,909,991,1,200,0,679,808,937,952,953,230,837,554,567,978,4,0,840,913,909,991,1,201,0,785,808,943,4f1775f4e14575b7734764c4c38a16d54c2c8618
2025-01-18T09:13:14,20250118091314,929,953,230,837,554,567,978,4,0,840,750,909,991,1,200,0,679,808,937,952,953,230,837,554,567,978,4,0,840,913,909,991,1,201,0,785,808,943,d716251198faebadc1aa0e3e87962b5469430a5e
2025-01-18T21:37:00,20250118213700,929,953,230,837,554,567,978,4,0,840,750,909,991,1,200,0,679,808,937,952,953,230,837,554,567,978,4,0,840,913,909,991,1,201,0,785,808,943,1c4cbc5b7ae6b95de81e64c70bf92bedf34f1d36
2025-01-19T09:29:32,20250119092932,929,953,230,837,554,567,978,4,0,840,750,909,991,1,200,0,679,808,937,952,953,230,837,554,567,978,4,0,840,913,909,991,1,201,0,785,808,943,bd2ac8b50d756d996a9a25a3d71432557eeb1c9f
2025-01-20T10:41:34,20250120104134,929,954,230,837,563,567,978,4,0,840,750,905,991,1,200,0,679,808,937,952,954,230,837,563,567,978,4,0,840,913,905,991,1,201,0,785,808,943,7a6d654e992ebc575d432f0b0857d4276281b2a3
2025-01-20T21:48:39,20250120214839,929,954,230,837,554,567,978,4,0,840,750,902,991,1,200,0,679,808,937,952,954,230,837,554,567,978,4,0,840,913,902,991,1,201,0,785,808,943,a54625216170e0a916a37e58da2ca5c1145183d6
2025-01-21T03:45:12,20250121034512,929,954,230,837,554,567,978,4,0,840,750,909,991,1,200,0,679,808,937,952,954,230,837,554,567,978,4,0,840,913,909,991,1,201,0,785,808,943,b9b68728dcc69743b1a67c88f66f90e387a6f12f
2025-01-21T21:28:51,20250121212851,929,954,230,837,554,567,978,4,0,840,750,905,991,1,200,0,679,808,937,952,954,230,837,554,567,978,4,0,840,913,905,991,1,201,0,785,808,943,71d2bf08d2da8edd6e390cf38eee723d8d4733d8
2025-01-22T04:37:37,20250122043737,929,957,241,837,546,567,978,4,0,840,750,909,991,1,208,0,679,808,937,952,957,241,837,546,567,978,4,0,840,913,909,991,1,208,0,785,808,943,4d679baa3086ad410eb22618e50aea045424c0de
2025-01-22T09:02:05,20250122090205,929,957,241,837,554,567,978,4,0,840,750,909,991,1,208,0,679,808,937,952,957,241,837,554,567,978,4,0,840,913,909,991,1,208,0,785,808,943,86456e2a4960ab06b8440463d70b202c4ea07cf1
2025-01-22T16:51:22,20250122165122,929,957,241,837,554,567,978,4,0,840,750,909,991,1,208,0,679,808,937,952,957,241,837,554,567,978,4,0,840,913,909,991,1,208,0,785,808,943,d722742783800adacd7456d3976f72b53960f09d
2025-01-23T05:14:04,20250123051404,929,957,241,837,563,567,978,0,0,840,750,909,991,1,208,0,679,808,937,952,957,241,837,563,567,978,0,0,840,913,909,991,1,208,0,785,808,943,99a8f2b2b00d85148c743f16db75d9abefb33513
2025-01-23T09:52:38,20250123095238,929,957,241,837,554,567,978,4,0,840,750,909,991,1,208,0,679,808,937,952,957,241,837,554,567,978,4,0,840,913,909,991,1,208,0,785,808,943,0da4e2f4d975fa56cabcc3efecf60f3faca30b29
2025-01-23T16:07:53,20250123160753,929,957,241,837,563,567,978,4,0,840,750,909,991,1,208,0,679,808,937,952,957,241,837,563,567,978,4,0,840,913,909,991,1,208,0,785,808,943,9f67fa0625ad43bdf9e16dbe0319ff97269dd2dc
2025-01-23T21:50:52,20250123215052,929,957,241,837,554,567,978,4,0,840,750,909,991,1,208,0,679,808,937,952,957,241,837,554,567,978,4,0,840,913,909,991,1,208,0,785,808,943,22ec49d4e6f628eb81d7eaa2a6323bc03a42f966
2025-01-24T09:35:26,20250124093526,929,957,241,837,554,567,978,4,0,840,750,909,991,1,208,0,679,808,937,952,957,241,837,554,567,978,4,0,840,913,909,991,1,208,0,785,808,943,50b5bccbceda26889f81d31231a5b5132c4a685d
2025-01-24T21:02:20,20250124210220,929,956,241,837,563,567,978,4,0,840,750,902,991,1,208,0,667,808,937,952,956,241,837,563,567,978,4,0,840,913,902,991,1,208,0,771,808,943,39fbc3b843e99533103e3a8a7df9b812a458be3b
2025-01-25T09:38:30,20250125093830,929,956,241,837,563,567,978,4,0,840,750,902,991,1,208,0,679,808,937,952,956,241,837,563,567,978,4,0,840,913,902,991,1,208,0,785,808,943,ef11a9be8e754e9e4121384b26fce3c7803898d0
2025-01-25T21:22:08,20250125212208,929,956,241,837,554,567,978,4,0,840,750,909,991,1,208,0,679,808,937,952,956,241,837,554,567,978,4,0,840,913,909,991,1,208,0,785,808,943,86db950c775f19a8ee252c4fe99a62abdcb0f2a4
2025-01-26T09:28:04,20250126092804,929,956,241,837,563,567,978,4,0,840,750,909,991,1,208,0,679,808,937,952,956,241,837,563,567,978,4,0,840,913,909,991,1,208,0,785,808,943,1673b2434d517f0ad57eee4dc6feae3ab4b51b84
2025-01-26T21:26:32,20250126212632,929,956,241,837,554,567,978,4,0,840,750,909,991,1,208,0,679,808,937,952,956,241,837,554,567,978,4,0,840,913,909,991,1,208,0,785,808,943,5e84ed5f3e13cb8a0f9ce61f4c723ceb2c93ea8b
2025-01-27T09:26:48,20250127092648,929,956,241,837,563,567,978,4,0,840,750,902,991,1,208,0,679,808,937,952,956,241,837,563,567,978,4,0,840,913,902,991,1,208,0,785,808,943,e8a0c7b11d2f988e747ce3112470236e8d434891
2025-01-27T16:22:02,20250127162202,929,956,241,837,563,567,978,4,0,840,750,905,991,1,208,0,679,808,937,952,956,241,837,563,567,978,4,0,840,913,905,991,1,208,0,785,808,943,2c456ff06c722d1fa5c2820233da0db19b72b5c3
2025-01-28T04:37:39,20250128043739,929,956,241,837,554,567,978,4,0,840,750,905,991,1,208,0,679,808,937,952,956,241,837,554,567,978,4,0,840,913,905,991,1,208,0,785,808,943,70cabc8df49e79271982f4484a15a2a259d5159b
2025-01-28T09:01:11,20250128090111,929,956,241,837,554,567,978,4,0,840,750,909,991,1,208,0,679,808,937,952,956,241,837,554,567,978,4,0,840,913,909,991,1,208,0,785,808,943,fb62e31afd93c99bbbffc4528c4773ba46b0fa4b
2025-01-28T16:18:37,20250128161837,929,956,241,837,563,567,978,4,0,840,750,909,991,1,208,0,679,808,937,952,956,241,837,563,567,978,4,0,840,913,909,991,1,208,0,785,808,943,d9b57e2b8726c289eb9ba86c2bc81594bbfbd326
2025-01-29T05:00:21,20250129050021,953,956,241,837,554,567,978,4,0,840,750,909,991,1,261,0,691,808,937,953,956,241,837,554,567,978,4,0,840,913,909,991,1,261,0,788,808,943,77c7c62035edf235f884d9d321f23ae3d22fc1f7
2025-01-29T17:06:12,20250129170612,953,957,241,837,554,567,978,4,0,840,750,909,991,1,261,0,691,808,937,953,957,241,837,554,567,978,4,0,840,913,909,991,1,261,0,788,808,943,a950ed4804c0807d08c891f39553af2ce6fe5d12
2025-01-30T04:07:31,20250130040731,953,957,241,837,563,567,978,4,0,840,750,909,991,1,261,0,691,808,937,953,957,241,837,563,567,978,4,0,840,913,909,991,1,261,0,788,808,943,3e8828480d054b3c16bc1b3bdcdfe83bd8992c08
2025-01-30T09:29:24,20250130092924,953,957,241,837,554,567,978,4,0,840,750,905,991,1,261,0,691,808,937,953,957,241,837,554,567,978,4,0,840,913,905,991,1,261,0,788,808,943,2bc2e00709312d553fb80fc9202f51ea8001e59a
2025-01-30T21:40:04,20250130214004,953,957,241,837,554,567,978,4,0,840,750,909,991,1,261,0,691,808,937,953,957,241,837,554,567,978,4,0,840,913,909,991,1,261,0,788,808,943,e4c015c9c9be931884cdceb895d0b693f6e1679d
2025-01-31T05:12:18,20250131051218,953,957,241,837,554,567,978,4,0,840,750,899,991,1,289,0,691,808,937,953,957,241,837,554,567,978,4,0,840,913,899,991,1,289,0,788,808,943,6e2ec4a1ee6182d9927969f808b5534b42ac65f0
2025-01-31T15:29:09,20250131152909,953,957,241,837,554,567,978,4,0,840,750,905,991,1,289,0,691,808,937,953,957,241,837,554,567,978,4,0,840,913,905,991,1,289,0,788,808,943,ca3ce1c36b37ef2cd0f060a079f5864f3fd89e96
2025-02-01T09:03:48,20250201090348,953,957,241,837,563,567,978,4,0,840,750,902,991,1,289,0,691,808,937,953,957,241,837,563,567,978,4,0,840,913,902,991,1,289,0,788,808,943,eb7c95baf7aa4d0ffb27fb353d97dcb2fa138676
2025-02-01T21:33:43,20250201213343,953,957,241,837,554,567,978,4,0,840,750,905,991,1,289,0,691,808,937,953,957,241,837,554,567,978,4,0,840,913,905,991,1,289,0,788,808,943,ef6ed1744c194b739808213a1f4b7f2eac8edc8c
2025-02-02T09:12:56,20250202091256,953,957,241,837,563,567,978,4,0,840,750,909,991,1,289,0,691,808,937,953,957,241,837,563,567,978,4,0,840,913,909,991,1,289,0,788,808,943,e121bc6cfed2220a78be12521cb30c007632369d
2025-02-02T21:06:25,20250202210625,953,957,241,837,546,567,978,4,0,840,750,905,991,1,289,0,691,808,937,953,957,241,837,546,567,978,4,0,840,913,905,991,1,289,0,788,808,943,fc959685b9d936a86aff02d97793931c414a8600
2025-02-03T09:52:40,20250203095240,953,957,241,837,563,567,978,4,0,840,750,909,991,1,289,0,691,808,937,953,957,241,837,563,567,978,4,0,840,913,909,991,1,289,0,788,808,943,e63c3cb08527628aa38c00463d24a56d01666392
2025-02-03T13:23:39,20250203132339,953,957,241,837,563,567,978,4,0,840,750,909,991,1,289,0,691,808,937,953,957,241,837,563,567,978,4,0,840,913,909,991,1,289,0,788,808,943,e571552c235724fbce9b1ceaedf4bff73093eaa7
2025-02-03T15:39:12,20250203153912,953,957,241,837,546,567,978,4,0,840,750,905,991,1,289,0,691,808,937,953,957,241,837,546,567,978,4,0,840,913,905,991,1,289,0,788,808,943,a7fa47e1394c4d6f6f20843c42c51a01707698c0
2025-02-03T21:14:56,20250203211456,953,957,241,837,563,567,978,4,0,840,750,909,991,1,289,0,691,808,937,953,957,241,837,563,567,978,4,0,840,913,909,991,1,289,0,788,808,943,29c957dc0c6f710ef5e2471560a1f49e7c655db9
2025-02-04T04:46:01,20250204044601,953,957,241,837,563,567,978,4,0,840,750,902,991,1,289,0,691,808,937,953,957,241,837,563,567,978,4,0,840,913,902,991,1,289,0,788,808,943,e073391a5799a7178745f40ae8d0420c7ce03987
2025-02-04T09:32:33,20250204093233,953,957,241,837,563,567,978,4,0,840,750,905,991,1,289,0,691,808,937,953,957,241,837,563,567,978,4,0,840,913,905,991,1,289,0,788,808,943,116f7388b664d4cd38f659c33ec79593065cdfbb
2025-02-04T21:40:27,20250204214027,953,957,241,837,554,567,978,4,0,840,750,909,991,1,289,0,691,808,937,953,957,241,837,554,567,978,4,0,840,913,909,991,1,289,0,788,808,943,1a07567906ae594ec8d3b9dae672f4186b22f557
2025-02-05T09:57:34,20250205095734,953,946,241,824,554,567,978,4,0,840,0,0,991,1,289,0,691,808,931,953,946,241,824,554,567,978,4,0,840,0,0,991,1,289,0,788,808,937,5041c20ccabb22016a82288a40bc13d845dfe2fe
2025-02-05T16:56:59,20250205165659,953,957,241,837,554,567,978,4,400,840,750,909,991,1,289,0,691,808,937,953,957,241,837,554,567,978,4,400,840,913,909,991,1,289,0,788,808,943,e96db7f2fc84bf31d8081316be884a96496fecb6
2025-02-06T04:08:03,20250206040803,953,957,241,837,554,567,978,4,400,840,750,909,991,1,289,0,691,808,937,953,957,241,837,554,567,978,4,400,840,913,909,991,1,289,0,788,808,943,731d4b2dcdc5955ba826a55077d5d5ba4b8e1ea8
2025-02-06T09:44:55,20250206094455,953,957,241,837,554,567,978,4,400,840,750,909,991,1,289,0,691,808,937,953,957,241,837,554,567,978,4,400,840,913,909,991,1,289,0,788,808,943,07a0cb2f7e34ebb46ee90565c0953bcde60d7572
2025-02-06T16:16:48,20250206161648,953,957,241,837,546,567,978,4,400,840,750,905,991,1,289,0,691,808,937,953,957,241,837,546,567,978,4,400,840,913,905,991,1,289,0,788,808,943,5223a9e8f62812d59d3daaedadb64d1be3c8757b
2025-02-07T01:45:20,20250207014520,953,957,241,837,554,567,978,4,400,840,750,909,991,1,289,0,691,808,937,953,957,241,837,554,567,978,4,400,840,913,909,991,1,289,0,788,808,943,85e412c100ff681c6ca609e74031545b750ea7bf
2025-02-07T04:55:58,20250207045558,953,957,241,837,554,567,978,4,400,840,750,909,991,1,289,0,691,808,937,953,957,241,837,554,567,978,4,400,840,913,909,991,1,289,0,788,808,943,f53d61ffefac1a2b4273cc6c2422a9ba77cdd46b
2025-02-07T16:40:09,20250207164009,953,957,241,837,554,567,978,4,400,840,750,902,991,1,289,0,691,808,937,953,957,241,837,554,567,978,4,400,840,913,902,991,1,289,0,788,808,943,ce0f77cae5a91e2cb4b1ec859117e08aa1182c52
2025-02-08T09:16:03,20250208091603,953,957,241,837,554,567,978,4,400,840,750,909,991,1,289,0,691,808,937,953,957,241,837,554,567,978,4,400,840,913,909,991,1,289,0,788,808,943,053595a05e65a82d622a6b86d3d7854b977d15b2
2025-02-08T21:03:38,20250208210338,953,957,241,837,554,567,978,4,400,840,750,905,991,1,289,0,691,808,937,953,957,241,837,554,567,978,4,400,840,913,905,991,1,289,0,788,808,943,429a5fdfd430c5cdc51bd66c1174816ae9921b1e
2025-02-09T09:29:44,20250209092944,953,957,241,837,563,567,978,4,400,840,750,909,991,1,289,0,691,808,937,953,957,241,837,563,567,978,4,400,840,913,909,991,1,289,0,788,808,943,e71782bd0a2af0ff7242a9ab17ae1ed1d1580b29
2025-02-09T21:20:51,20250209212051,953,957,241,837,554,567,978,4,400,840,750,909,991,1,289,0,691,808,937,953,957,241,837,554,567,978,4,400,840,913,909,991,1,289,0,788,808,943,804f06781c29e65269decaa33e0ddf60f2e5da46
2025-02-10T09:30:33,20250210093033,953,957,241,837,554,567,978,4,400,840,750,909,991,1,289,0,691,808,937,953,957,241,837,554,567,978,4,400,840,913,909,991,1,289,0,788,808,943,9e1ae12b6d8fff72093f3671c1d702b4c38c4099
2025-02-10T21:39:27,20250210213927,953,957,241,837,554,567,978,4,400,840,750,897,991,1,289,0,691,808,943,953,957,241,837,554,567,978,4,400,840,913,897,991,1,289,0,788,808,943,dabc3564fa3a922b2336541b737cb27ae04f4d3a
2025-02-11T09:01:30,20250211090130,953,957,241,837,554,567,978,4,400,840,750,894,991,1,289,0,691,808,943,953,957,241,837,554,567,978,4,400,840,913,894,991,1,289,0,788,808,943,321052fb2ab50a954f9d31d198275891b5fed615
2025-02-11T15:21:47,20250211152147,953,957,241,837,546,567,978,4,400,840,750,894,991,1,289,0,691,808,943,953,957,241,837,546,567,978,4,400,840,913,894,991,1,289,0,788,808,943,7c1bc15bf24eac12fb47cf83c9809026729b3c51
2025-02-11T21:47:55,20250211214755,953,957,241,837,554,567,978,4,400,840,750,897,991,1,289,0,691,808,943,953,957,241,837,554,567,978,4,400,840,913,897,991,1,289,0,788,808,943,7f5fd9b4d3452ee1132204bda40042e760dfeef4
2025-02-12T11:01:29,20250212110129,953,957,241,837,554,567,978,4,400,840,750,897,991,1,289,400,691,808,943,953,957,241,837,554,567,978,4,400,840,913,897,991,1,289,500,788,808,943,d5ed6c63e9083edcb16e118ce7fe484c61d4d71f
2025-02-12T16:11:31,20250212161131,953,957,241,837,554,567,978,4,400,840,750,891,991,1,289,400,691,808,943,953,957,241,837,554,567,978,4,400,840,913,891,991,1,289,500,788,808,943,67ec343f7371867197cf934cb798dd9bb4630bd2
2025-02-13T09:36:44,20250213093644,953,957,241,837,554,567,978,19,400,840,750,897,991,1,289,400,691,808,943,953,957,241,837,554,567,978,19,400,840,913,897,991,1,289,500,788,808,943,53b5bbe21356d6817bf01f05ff05b44a44b084f3
2025-02-13T20:52:00,20250213205200,953,957,241,837,563,567,978,19,400,840,750,894,991,1,296,400,691,808,943,953,957,241,837,563,567,978,19,400,840,913,894,991,1,296,500,788,808,943,641278271fbd4e8cda6525517d7869ec6420117e
2025-02-14T04:59:17,20250214045917,953,957,241,837,563,567,978,19,400,840,750,897,991,1,296,400,691,808,943,953,957,241,837,563,567,978,19,400,840,913,897,991,1,296,500,788,808,943,f1f1f90d7579da2e7dc9d1b77b05d60267277edc
2025-02-14T09:55:24,20250214095524,953,957,241,837,554,567,978,19,400,840,750,897,991,1,296,400,691,808,943,953,957,241,837,554,567,978,19,400,840,913,897,991,1,296,500,788,808,943,ffddf6c98dc7cfec5eb11ceb7d16e9160165dfee
2025-02-14T21:51:52,20250214215152,953,957,241,837,554,567,978,19,400,840,750,897,991,1,296,400,691,808,943,953,957,241,837,554,567,978,19,400,840,913,897,991,1,296,500,788,808,943,8e442c6e776594983158fd04b5331f1378f5f0dd
2025-02-15T09:23:23,20250215092323,953,957,241,837,554,567,978,19,400,840,750,897,991,1,296,400,691,808,943,953,957,241,837,554,567,978,19,400,840,913,897,991,1,296,500,788,808,943,7296101dba52b25f2b40eae5c379eac7c427a084
2025-02-15T21:12:07,20250215211207,953,957,241,837,554,567,978,19,400,840,750,897,991,1,296,400,691,808,943,953,957,241,837,554,567,978,19,400,840,913,897,991,1,296,500,788,808,943,5a1f8c0bb78ff37be91664aed64b57dff695a627
2025-02-16T08:52:20,20250216085220,953,957,241,837,554,567,978,19,400,840,750,897,991,1,296,400,691,808,943,953,957,241,837,554,567,978,19,400,840,913,897,991,1,296,500,788,808,943,cf7361dece4422f6856832cee0bd62317861c993
2025-02-16T21:50:04,20250216215004,953,957,241,837,563,567,978,19,400,840,750,897,991,1,296,400,691,808,943,953,957,241,837,563,567,978,19,400,840,913,897,991,1,296,500,788,808,943,f58704c01d87aca9fb884b9a1714e89c224cb589
2025-02-17T09:20:40,20250217092040,953,957,241,837,554,567,978,19,400,840,750,897,991,1,296,400,691,808,943,953,957,241,837,554,567,978,19,400,840,913,897,991,1,296,500,788,808,943,508a834f0ff79106c6275478fd256464c39ef368
2025-02-17T15:35:14,20250217153514,953,957,241,837,563,567,978,19,400,840,750,894,991,1,296,400,691,808,943,953,957,241,837,563,567,978,19,400,840,913,894,991,1,296,500,788,808,943,749544d5d463ad3bc864266996d264131ebc026e
2025-02-17T21:11:47,20250217211147,953,957,241,837,563,567,978,19,400,840,750,897,991,1,296,400,691,808,943,953,957,241,837,563,567,978,19,400,840,913,897,991,1,296,500,788,808,943,5350be581fafe1882951f1e89c0c8cbb4aaf2370
2025-02-18T04:51:41,20250218045141,953,957,241,837,554,567,978,19,400,840,750,894,991,1,296,400,691,808,943,953,957,241,837,554,567,978,19,400,840,913,894,991,1,296,500,788,808,943,9577e996d5d731fa0ecdff2a15857b24c8a99e59
2025-02-18T09:31:15,20250218093115,953,956,241,837,563,567,978,19,400,840,750,897,991,1,296,400,691,808,943,953,956,241,837,563,567,978,19,400,840,913,897,991,1,296,500,788,808,943,86f04c8644c25df559f4d2e525ad43666056ab5f
2025-02-18T16:06:34,20250218160634,953,957,241,837,563,567,978,19,400,840,750,897,991,1,296,400,691,808,943,953,957,241,837,563,567,978,19,400,840,913,897,991,1,296,500,788,808,943,e4ef0bdde522fc4c8cf2ed2e89b09c8540a7a5f9
2025-02-18T20:54:41,20250218205441,953,957,241,837,554,567,978,19,400,840,750,897,991,1,296,400,691,808,943,953,957,241,837,554,567,978,19,400,840,913,897,991,1,296,500,788,808,943,f47117ef97a7314f4c3d0f844b7c908b0c97038c
2025-02-19T04:59:09,20250219045909,953,957,241,837,554,567,989,19,400,840,750,897,991,1,296,400,691,808,943,953,957,241,837,554,567,989,19,400,840,913,897,991,1,296,500,788,808,943,6143c13b1e80492f5badeb415c57e887362dbc63
2025-02-19T09:38:41,20250219093841,953,957,241,837,563,567,989,19,400,840,750,887,991,1,315,400,691,808,943,953,957,241,837,563,567,989,19,400,840,913,887,991,1,315,500,788,808,943,ac2b765f864daa388e22f822db75dbdd153249ad
2025-02-19T21:53:46,20250219215346,953,957,241,837,563,567,989,19,400,840,750,891,991,1,315,400,691,808,943,953,957,241,837,563,567,989,19,400,840,913,891,991,1,315,500,691,808,943,06d540d058a12f54fed2eecd06083ed8bd3a1417
2025-02-20T09:01:59,20250220090159,953,957,241,837,563,567,989,19,400,840,750,894,991,1,315,400,691,808,943,953,957,241,837,563,567,989,19,400,840,913,894,991,1,315,500,691,808,943,48a6708ddfbe11dabbc86deeec38083171f1b500
2025-02-20T16:49:02,20250220164902,953,957,241,837,554,567,989,19,400,840,750,897,991,1,315,400,691,808,943,953,957,241,837,554,567,989,19,400,840,913,897,991,1,315,500,691,808,943,a156fd1b3f748024a29279871f79684a32a20bcd
2025-02-21T09:54:38,20250221095438,953,957,241,837,554,567,989,19,400,840,750,894,991,1,315,400,691,808,943,953,957,241,837,554,567,989,19,400,840,913,894,991,1,315,500,691,808,943,54c1adbab9fb0376a3a0521762af1e52070bb2a5
2025-02-21T16:58:21,20250221165821,953,957,241,837,554,567,989,19,400,840,750,897,991,1,315,400,691,808,943,953,957,241,837,554,567,989,19,400,840,913,897,991,1,315,500,691,808,943,2cf34b3c9e6115e24043da1a5e48d3e272d37d4d
2025-02-22T09:14:45,20250222091445,953,957,241,837,554,567,989,19,400,840,750,897,991,1,315,400,691,808,943,953,957,241,837,554,567,989,19,400,840,913,897,991,1,315,500,691,808,943,0af7a39fb3e13a48ef366fdb2532896cdf7a119f
2025-02-22T21:36:24,20250222213624,953,957,241,837,554,567,989,19,400,840,750,891,991,1,319,400,691,808,943,953,957,241,837,554,567,989,19,400,840,913,891,991,1,319,500,691,808,943,7a7d2fb4b923dc1dcc6d2825606570cb7feb743b
2025-02-23T09:38:28,20250223093828,953,957,241,837,554,567,989,19,400,840,750,897,991,1,319,400,691,808,943,953,957,241,837,554,567,989,19,400,840,913,897,991,1,319,500,691,808,943,3196f540b6efbdd693e037a3b03a61ef6fe7f6fc
2025-02-24T09:41:39,20250224094139,953,957,241,837,563,567,989,19,400,840,750,891,991,1,319,400,691,808,943,953,957,241,837,563,567,989,19,400,840,913,891,991,1,319,500,691,808,943,f75c525bb3939748df0341e9401d8bc7ea42009d
2025-02-24T17:07:55,20250224170755,953,957,241,837,563,567,989,19,400,840,750,897,991,1,319,400,691,808,943,953,957,241,837,563,567,989,19,400,840,913,897,991,1,319,500,691,808,943,a3d508507022919429308d9c2d9cace99ff2be56
2025-02-25T09:30:56,20250225093056,953,957,241,837,563,567,989,19,400,840,750,897,991,1,319,400,691,808,943,953,957,241,837,563,567,989,19,400,840,913,897,991,1,319,500,691,808,943,5ec13fd9a7552d965aee757985c15fc027c02e6b
2025-02-25T21:45:49,20250225214549,953,957,241,837,554,567,989,19,400,840,750,894,991,1,319,400,691,808,943,953,957,241,837,554,567,989,19,400,840,913,894,991,1,319,500,691,808,943,74fc528d64f449162e2eda609969a49e96c0965b
2025-02-26T09:02:06,20250226090206,953,957,241,837,563,567,989,19,400,840,750,891,991,1,319,400,691,808,943,953,957,241,837,563,567,989,19,400,840,913,891,991,1,319,500,691,808,943,ab543854c3d899d2a6c1f73d60e931d990194708
2025-02-27T09:04:15,20250227090415,953,957,241,837,563,567,989,19,400,840,750,897,991,1,388,400,691,808,970,953,957,241,837,563,567,989,19,400,840,913,897,991,1,388,500,691,808,970,a7b709e4e4fa320e15ae82f8a0b7b1a43dadd6d5
2025-02-27T21:52:52,20250227215252,953,957,241,837,563,567,989,19,400,840,750,894,991,1,388,400,691,808,970,953,957,241,837,563,567,989,19,400,840,913,894,991,1,388,500,691,808,970,d0efb392c1783f46f27a946f48e3ef729ecd3675
2025-02-28T09:37:37,20250228093737,953,957,241,837,554,567,989,19,400,840,750,897,991,1,388,400,691,808,970,953,957,241,837,554,567,989,19,400,840,913,897,991,1,388,500,691,808,970,6670c56b24fc14170446a83f2ba4d0738cb881f2
2025-02-28T17:15:35,20250228171535,953,957,241,837,563,567,989,19,400,840,750,897,1000,1,381,400,691,808,970,953,957,241,837,563,567,989,19,400,840,913,897,1000,1,381,500,691,808,970,c8dfbf5b03425b6e0c4a648aa8fdcd9ef570cff2
2025-03-01T09:17:11,20250301091711,953,957,241,837,554,567,989,19,400,843,750,897,1000,1,385,400,691,808,970,953,957,241,837,554,567,989,19,400,843,913,897,1000,1,385,500,691,808,970,47a0883cd600b4ac8c09c145a91b9303439159a3
2025-03-01T21:43:34,20250301214334,953,957,241,837,563,567,989,19,400,843,750,894,1000,1,388,400,691,808,970,953,957,241,837,563,567,989,19,400,843,913,894,1000,1,388,500,691,808,970,178cb2408fefe83f667fca8a0a491d61752c55fe
2025-03-02T09:18:28,20250302091828,953,957,241,837,554,567,989,19,400,843,750,891,1000,1,392,400,691,808,970,953,957,241,837,554,567,989,19,400,843,913,891,1000,1,392,500,691,808,970,2879c26ed4ccd7a9b005c95872bbf91bde6dc001
2025-03-02T21:33:19,20250302213319,953,957,241,837,563,567,989,19,400,843,750,897,1000,1,388,400,691,808,970,953,957,241,837,563,567,989,19,400,843,913,897,1000,1,388,500,691,808,970,543c21c8e3522666952061bdfbeef2300733243d
2025-03-03T09:00:51,20250303090051,953,957,241,837,554,567,989,19,400,843,750,897,1000,1,385,400,691,808,970,953,957,241,837,554,567,989,19,400,843,913,897,1000,1,385,500,691,808,970,55ed172f026357b4adecadea071cb51085f15c77
2025-03-03T11:10:03,20250303111003,953,957,241,837,571,567,989,19,400,843,750,894,1000,1,388,400,691,808,970,953,957,241,837,571,567,989,19,400,843,913,894,1000,1,388,500,691,808,970,b2432da9eac82bb1169a19b8019d0843426912a9
2025-03-03T16:29:10,20250303162910,953,957,241,837,571,567,989,19,400,843,750,897,1000,1,392,400,691,808,970,953,957,241,837,571,567,989,19,400,843,913,897,1000,1,392,500,691,808,970,d4371465982dfa17147909c585a516b7389e0751
2025-03-04T04:58:00,20250304045800,953,957,241,837,563,567,989,19,400,843,750,988,1000,1,388,400,691,808,970,953,957,241,837,563,567,989,19,400,843,913,988,1000,1,388,500,691,808,970,2993c64682bd621e8a0479c1176561bf3a1bd523
2025-03-04T09:40:20,20250304094020,953,957,241,837,563,567,989,19,400,843,750,988,1000,1,385,400,691,808,970,953,957,241,837,563,567,989,19,400,843,913,988,1000,1,385,500,691,808,970,0e373cd7cbbab616ab5a89b22ef5839920161d39
2025-03-04T15:33:46,20250304153346,953,957,241,837,554,567,989,19,400,843,750,988,1000,1,385,400,691,808,970,953,957,241,837,554,567,989,19,400,843,913,988,1000,1,385,500,691,808,970,5fda7e54b5bc816f25e15ed73cb7109d907dcfbb
2025-03-04T15:57:19,20250304155719,953,957,241,837,554,567,989,19,400,843,750,988,1000,1,385,400,691,808,970,953,957,241,837,554,567,989,19,400,843,913,988,1000,1,385,500,691,808,970,73340dad529243c691d0896cac80527bea1a98aa
2025-03-04T21:35:04,20250304213504,953,957,241,837,563,567,989,19,400,843,750,985,1000,1,388,400,813,808,970,953,957,241,837,563,567,989,19,400,843,913,985,1000,1,388,500,813,808,970,291b8d26dbbb5322f59f67a790e6641db8bafced
2025-03-05T04:28:59,20250305042859,953,957,241,837,563,567,989,19,400,843,750,988,1000,1,392,400,813,808,970,953,957,241,837,563,567,989,19,400,843,913,988,1000,1,392,500,813,808,970,9d547b90a4073f5906b1220472f69fbc2fdff928
2025-03-05T09:47:45,20250305094745,953,957,241,837,563,567,989,19,1000,843,750,988,1000,1,392,400,813,808,970,953,957,241,837,563,567,989,19,1000,843,913,988,1000,1,392,500,813,808,970,e3f4fc6b9502d50471ce251f9ffe2b318c49fff1
2025-03-05T17:27:59,20250305172759,953,957,241,837,563,567,989,19,1000,843,750,988,1000,1,385,400,813,808,970,953,957,241,837,563,567,989,19,1000,843,913,988,1000,1,385,500,813,808,970,12a8331303f163f08e729c7bd57b5747f5c4bc83
2025-03-05T20:50:32,20250305205032,953,957,241,837,554,567,989,19,1000,843,750,988,1000,1,385,400,813,808,970,953,957,241,837,554,567,989,19,1000,843,913,988,1000,1,385,500,813,808,970,35157773ff814b8c3e96826a4db20f9ca73fa4b0
2025-03-06T04:59:02,20250306045902,953,957,241,837,563,567,989,19,1000,843,750,988,1000,1,388,400,813,808,970,953,957,241,837,563,567,989,19,1000,843,913,988,1000,1,388,500,813,808,970,b7f88a07173c910d73cdac61c620db44d67ca5c3
2025-03-06T09:28:41,20250306092841,953,957,241,837,554,567,989,19,1000,843,750,988,1000,1,388,400,813,808,970,953,957,241,837,554,567,989,19,1000,843,913,988,1000,1,388,500,813,808,970,29ca7ddfb7762e3b16be4961eff0e7b5b2755dd9
2025-03-06T21:30:30,20250306213030,953,957,241,837,554,567,989,19,1000,843,750,988,1000,1,392,400,813,808,970,953,957,241,837,554,567,989,19,1000,843,913,988,1000,1,392,500,813,808,970,deee0cffec335e83161b25b1c2d6a4a44f685954
2025-03-07T04:08:33,20250307040833,953,957,241,837,554,567,989,19,1000,843,750,988,1000,1,388,400,813,808,970,953,957,241,837,554,567,989,19,1000,843,913,988,1000,1,388,500,813,808,970,47503d9b7c977c3461ad96811ae6ae72b3f22e54
2025-03-07T09:08:37,20250307090837,953,957,241,837,554,567,989,19,1000,843,750,988,1000,1,388,400,813,808,970,953,957,241,837,554,567,989,19,1000,843,913,988,1000,1,388,500,813,808,970,12336733d14329d73516e83afd9b6d690cd9cf16
2025-03-07T21:43:55,20250307214355,953,957,241,837,554,567,989,19,1000,843,750,988,1000,1,392,400,813,808,970,953,957,241,837,554,567,989,19,1000,843,913,988,1000,1,392,500,813,808,970,99620432e3b8c8b968ac6a7c195a5756fcc7af1a
2025-03-08T09:00:17,20250308090017,953,957,241,837,554,567,989,19,1000,843,750,988,1000,1,388,400,813,808,970,953,957,241,837,554,567,989,19,1000,843,913,988,1000,1,388,500,813,808,970,690b763720b4e1de5a454714ad58b3b05f6503f4
2025-03-08T21:17:07,20250308211707,953,957,241,837,563,567,989,19,1000,843,750,985,1000,1,388,400,813,808,970,953,957,241,837,563,567,989,19,1000,843,913,985,1000,1,388,500,813,808,970,871252f625a644bb2a2513e2cd5db844db1a1e8e
2025-03-09T09:02:50,20250309090250,953,957,241,837,554,567,989,19,1000,843,750,988,1000,1,392,400,813,808,970,953,957,241,837,554,567,989,19,1000,843,913,988,1000,1,392,500,813,808,970,f18201ee1e36ebc08faead363cd58f90d9769b6a
2025-03-09T21:18:26,20250309211826,953,957,241,837,563,567,989,19,1000,843,750,988,1000,1,392,400,813,808,970,953,957,241,837,563,567,989,19,1000,843,913,988,1000,1,392,500,813,808,970,df246d46dadf672fb65cd9fd8f42b35f1195868e
2025-03-10T09:44:22,20250310094422,953,957,241,837,554,567,989,19,1000,843,750,988,1000,1,388,400,813,808,970,953,957,241,837,554,567,989,19,1000,843,913,988,1000,1,388,500,813,808,970,d1065c17a700bc3082d76e8e64b79d7f1a36ba73
2025-03-10T17:08:35,20250310170835,953,957,241,837,563,567,989,19,1000,843,750,988,1000,1,388,400,813,808,970,953,957,241,837,563,567,989,19,1000,843,913,988,1000,1,388,500,813,808,970,c62fda6846e652000919dda1fa619960b6732c8e
2025-03-10T20:58:49,20250310205849,953,957,241,837,563,567,989,19,1000,843,750,985,1000,1,478,400,813,808,970,953,957,241,837,563,567,989,19,1000,843,913,985,1000,1,478,500,813,808,970,9831b2c9fffc4290dc97e79b065da55a2b8c6b11
2025-03-11T04:57:05,20250311045705,953,957,241,837,554,567,989,19,1000,843,750,985,1000,1,482,400,813,808,970,953,957,241,837,554,567,989,19,1000,843,913,985,1000,1,482,500,813,808,970,b629eb5c0e3d5ca5264311f81fd63d72aec9946b
2025-03-11T09:05:47,20250311090547,953,957,241,837,554,567,989,19,1000,843,750,988,1000,1,482,400,813,808,970,953,957,241,837,554,567,989,19,1000,843,913,988,1000,1,482,500,813,808,970,1d513d30adbd2e89c826c9ce540ee2e83104ca73
2025-03-11T21:27:27,20250311212727,953,957,241,837,567,567,989,19,1000,843,750,985,1000,1,482,400,813,808,970,953,957,241,837,567,567,989,19,1000,843,913,985,1000,1,482,500,813,808,970,97fe6a90f114eebeaec0e1c466dcdcc554eb1d3b
2025-03-12T03:55:25,20250312035525,953,957,241,837,559,567,989,19,1000,843,750,988,1000,1,482,400,813,808,970,953,957,241,837,559,567,989,19,1000,843,913,988,1000,1,482,500,813,808,970,cf57ffa15763ffb875b6b468825a67b537c264f8
2025-03-12T09:19:25,20250312091925,953,957,241,837,559,567,989,19,1000,843,750,988,1000,1,482,400,813,808,970,953,957,241,837,559,567,989,19,1000,843,913,988,1000,1,482,500,813,808,970,99f5fa3c8fdf54db93c82e733d152479b7eb6e2f
2025-03-12T21:33:54,20250312213354,953,957,241,837,559,567,989,19,1000,843,750,988,1000,1,456,400,813,808,976,953,957,241,837,559,567,989,19,1000,843,913,988,1000,1,456,500,813,808,976,bec9c779687213b79a7c3183b379cb04d24ea9b1
2025-03-13T10:29:34,20250313102934,953,957,241,837,567,567,989,19,1000,843,750,988,1000,1,463,400,813,808,976,953,957,241,837,567,567,989,19,1000,843,913,988,1000,1,463,500,813,808,976,a1cc47ed2278fe3b16902c3b70ba4303030f17f6
2025-03-15T02:23:18,20250315022318,953,957,241,837,559,567,989,19,1000,843,750,985,1000,1,460,400,813,808,976,953,957,241,837,559,567,989,19,1000,843,913,985,1000,1,460,500,813,808,976,6fa17a3bab86becb8ab79919cf412916e0fa4e03
2025-03-15T21:09:52,20250315210952,953,957,241,837,567,567,989,19,1000,843,750,988,1000,1,460,400,813,808,976,953,957,241,837,567,567,989,19,1000,843,913,988,1000,1,460,500,813,808,976,163fa0640eef4be20195ee9f6bb63925d8b30c95
2025-03-16T04:06:36,20250316040636,953,957,241,837,567,567,989,19,1000,843,750,985,1000,1,460,400,813,808,976,953,957,241,837,567,567,989,19,1000,843,913,985,1000,1,460,500,813,808,976,726d5bb298190ce6f68b4d5afe21f211e98a4a90
2025-03-16T09:12:55,20250316091255,953,957,241,837,559,567,989,19,1000,843,750,988,1000,1,460,400,813,808,976,953,957,241,837,559,567,989,19,1000,843,913,988,1000,1,460,500,813,808,976,72dedca3e49f6f2c0170b1bc86786fd06bdc88e0
2025-03-16T21:30:34,20250316213034,953,957,241,837,567,567,989,19,1000,843,750,985,1000,1,460,400,813,808,976,953,957,241,837,567,567,989,19,1000,843,913,985,1000,1,460,500,813,808,976,571bfad954119568b0080cccf8accf0d78d7f720
2025-03-17T09:48:31,20250317094831,953,957,241,837,567,567,989,19,1000,843,750,988,1000,1,463,400,813,808,976,953,957,241,837,567,567,989,19,1000,843,913,988,1000,1,463,500,813,808,976,0bc4d1520de177e298ad4d051b99d0ac435e2b3c
2025-03-17T21:22:30,20250317212230,953,957,241,837,559,567,989,19,1000,843,750,988,1000,1,460,400,864,808,976,953,957,241,837,559,567,989,19,1000,843,913,988,1000,1,460,500,864,808,976,93eb8cb972f7a4655d1617ee3c24dda86ce0d157
2025-03-18T04:32:38,20250318043238,953,957,241,837,567,567,989,19,1000,843,750,988,1000,1,460,400,864,808,976,953,957,241,837,567,567,989,19,1000,843,913,988,1000,1,460,500,864,808,976,28eeefe17675fc628a30e59ffcc63c9f0f0ff418
2025-03-18T09:03:11,20250318090311,953,957,241,837,559,698,989,19,1000,843,750,985,1000,1,460,400,864,808,976,953,957,241,837,559,698,989,19,1000,843,913,985,1000,1,460,500,864,808,976,fcf2e06b70b4f21a71ebe6904f03c711f8bbb30a
2025-03-18T21:32:34,20250318213234,953,957,241,837,559,698,989,19,1000,843,750,985,1000,1,456,400,864,808,976,953,957,241,837,559,698,989,19,1000,843,913,985,1000,1,456,500,864,808,976,42a230677167bccad0b103a2397c000c1b13299d
2025-03-19T04:09:34,20250319040934,953,957,241,837,567,698,989,19,1000,843,750,988,1000,1,456,400,864,808,976,953,957,241,837,567,698,989,19,1000,843,913,988,1000,1,456,500,864,808,976,3c44b1fa6baa885cfcfc85b84c5dd045d2c5aa07
2025-03-19T09:43:49,20250319094349,953,957,241,837,567,698,989,19,1000,843,750,988,1000,1,456,400,864,808,976,953,957,241,837,567,698,989,19,1000,843,913,988,1000,1,456,500,864,808,976,56d845cfc63ac5522e029c4b44a00de398bde41a
2025-03-19T11:55:55,20250319115555,953,957,241,837,559,698,989,19,1000,843,750,985,1000,1,460,400,864,808,976,953,957,241,837,559,698,989,19,1000,843,913,985,1000,1,460,500,864,808,976,86fa024dcccb77d3af1e36a575b31de2abc45679
2025-03-19T20:47:42,20250319204742,953,957,241,837,575,698,989,12,1000,843,750,988,1000,1,456,400,864,808,976,953,957,241,837,575,698,989,12,1000,843,913,988,1000,1,456,500,864,808,976,168ba991246a5312e3d77a2ffc2a19d0abbb663a
2025-03-20T05:33:11,20250320053311,953,957,241,837,567,698,989,12,1000,843,750,985,1000,1,456,400,864,808,976,953,957,241,837,567,698,989,12,1000,843,913,985,1000,1,456,500,864,808,976,6237f52367ba70569588068ce9c00e2607bca802
2025-03-20T09:33:50,20250320093350,953,957,241,837,559,698,989,12,1000,843,750,985,1000,1,456,400,852,808,976,953,957,241,837,559,698,989,12,1000,843,913,985,1000,1,456,500,852,808,976,dae63a4237a9fdb38afbfe73a882b1a01c46ef57
2025-03-20T17:15:08,20250320171508,953,957,241,837,567,698,989,12,1000,843,750,985,1000,1,456,400,864,808,976,953,957,241,837,567,698,989,12,1000,843,913,985,1000,1,456,500,864,808,976,4a47e8749bb583587549908437477b44909fe4fd
2025-03-21T04:08:11,20250321040811,953,957,241,837,559,698,989,12,1000,843,750,988,1000,1,456,400,864,808,976,953,957,241,837,559,698,989,12,1000,843,913,988,1000,1,456,500,864,808,976,63a925452bfab6acf4f52f72d892c55c257b1c3e
2025-03-21T16:37:19,20250321163719,953,957,241,837,559,698,989,12,1000,843,750,988,1000,1,456,400,864,808,976,953,957,241,837,559,698,989,12,1000,843,913,988,1000,1,456,500,864,808,976,3a265fdc9f33e5946f0ca0a04af73acd7e6d1a39
2025-03-22T09:02:07,20250322090207,953,957,241,837,559,698,989,12,1000,843,750,985,1000,1,456,400,864,808,976,953,957,241,837,559,698,989,12,1000,843,913,985,1000,1,456,500,864,808,976,127b6a99bc177a78c244464ca2ec25f03a93681e
2025-03-22T21:09:15,20250322210915,953,956,241,837,559,698,989,12,1000,843,750,985,1000,1,456,400,889,808,982,953,956,241,837,559,698,989,12,1000,843,913,985,1000,1,456,500,889,808,982,534a13b85214385f5aec0bf0b3429d3fc21bb436
2025-03-23T00:04:37,20250323000437,953,956,241,837,559,698,989,12,1000,843,750,988,1000,1,456,400,889,808,982,953,956,241,837,559,698,989,12,1000,843,913,988,1000,1,456,500,889,808,982,4088df7b04bd1b7ecef230065d98d0bcd6185fd3
2025-03-23T09:07:20,20250323090720,953,956,241,837,559,698,989,12,1000,843,750,985,1000,1,456,400,889,808,982,953,956,241,837,559,698,989,12,1000,843,913,985,1000,1,456,500,889,808,982,af0426d60ec44d68e20b34e0f211d9ca1819da2e
2025-03-23T20:47:55,20250323204755,953,956,244,837,567,698,989,12,1000,843,928,985,1000,1,456,400,889,808,982,953,956,244,837,567,698,989,12,1000,843,928,985,1000,1,456,500,889,808,982,97d784aff636894cbb88f4bba23f08d5e1ca73dd
2025-03-24T09:19:50,20250324091950,953,956,244,837,559,698,989,12,1000,843,928,985,1000,1,456,400,889,808,982,953,956,244,837,559,698,989,12,1000,843,928,985,1000,1,456,500,889,808,982,5885a6a60ecc1da81e9e1030f4c966f6ef36220f
2025-03-24T16:27:19,20250324162719,953,956,244,837,575,698,989,12,1000,843,928,988,1000,1,456,400,889,808,982,953,956,244,837,575,698,989,12,1000,843,928,988,1000,1,456,500,889,808,982,f4fae47c5010ae1c3a26c55faa9cafbfd406b90b
2025-03-24T21:28:07,20250324212807,953,956,244,837,559,698,989,12,1000,843,928,988,1000,1,456,400,889,808,982,953,956,244,837,559,698,989,12,1000,843,928,988,1000,1,456,500,889,808,982,9a1204b0438fdc280f7260040499e43986148b68
2025-03-25T04:32:21,20250325043221,953,956,244,837,717,698,989,12,1000,843,928,988,1000,1,460,400,889,808,982,953,956,244,837,717,698,989,12,1000,843,928,988,1000,1,460,500,889,808,982,6e8194e3e366837eaf8b79b5b00f7e796d517432
2025-03-25T09:47:51,20250325094751,953,956,244,837,700,698,989,12,1000,843,928,988,1000,1,456,400,889,808,982,953,956,244,837,700,698,989,12,1000,843,928,988,1000,1,456,500,889,808,982,48c6a4652f393dfd7a06442db24381c6a8788662
2025-03-25T21:02:33,20250325210233,953,956,244,837,708,698,989,12,1000,843,928,988,1000,1,456,400,889,808,982,953,956,244,837,708,698,989,12,1000,843,928,988,1000,1,456,500,889,808,982,640b7e5911791f126d5ffc6b037f66864a3ae6d5
2025-03-26T09:13:23,20250326091323,953,956,244,837,700,698,989,12,1000,843,928,985,1000,1,422,400,889,808,982,953,956,244,837,700,698,989,12,1000,843,928,985,1000,1,422,500,889,808,982,09f348af745eab241ff2ffd07a34d9f000855dd9
2025-03-26T19:24:15,20250326192415,953,956,244,837,700,698,989,12,1000,843,928,985,1000,1,452,400,889,808,982,953,956,244,837,700,698,989,12,1000,843,928,985,1000,1,452,500,889,808,982,33af93ce40ece9333dba6f8ad051f7944655958c
2025-03-27T04:10:43,20250327041043,953,956,244,837,700,698,989,12,1000,843,928,988,1000,1,448,400,889,808,982,953,956,244,837,700,698,989,12,1000,843,928,988,1000,1,448,500,889,808,982,882dc1e20711a4d5a4c7fd55e6733086c985f973
2025-03-27T16:44:03,20250327164403,953,957,244,837,708,698,989,12,1000,843,928,988,1000,1,456,400,889,808,982,953,957,244,837,708,698,989,12,1000,843,928,988,1000,1,456,500,889,808,982,931a44705ab388cc72fd492e051ceda0a2827743
2025-03-28T09:26:13,20250328092613,953,957,244,837,700,698,989,12,1000,843,928,988,1000,1,448,400,889,808,982,953,957,244,837,700,698,989,12,1000,843,928,988,1000,1,448,500,889,808,982,6ae189025cfae866b1f672b290ebf8f1cf2ec194
2025-03-28T21:29:38,20250328212938,953,957,244,837,717,698,989,12,1000,843,928,988,1000,1,448,400,889,808,982,953,957,244,837,717,698,989,12,1000,843,928,988,1000,1,448,500,889,808,982,f31082d6f90f04b7290b4f4231377c3581909502
2025-03-29T09:19:43,20250329091943,953,957,244,837,708,698,989,12,1000,843,928,988,1000,1,448,400,889,808,982,953,957,244,837,708,698,989,12,1000,843,928,988,1000,1,448,500,889,808,982,242368641aa14af858be17a439854ca4bd19afc9
2025-03-29T21:16:20,20250329211620,953,957,240,837,708,698,989,12,1000,843,928,985,1000,1,448,400,889,808,982,953,957,240,837,708,698,989,12,1000,843,928,985,1000,1,448,500,889,808,982,ff161092793d10e542dde4a77cce6c8fccd7a9e4
2025-03-30T09:32:37,20250330093237,953,957,240,837,708,698,989,12,1000,843,928,988,1000,1,456,400,889,808,982,953,957,240,837,708,698,989,12,1000,843,928,988,1000,1,456,500,889,808,982,95ab320730a75389873fadbb70f1464a9d849d67
2025-03-31T08:50:46,20250331085046,953,957,240,837,700,698,989,12,1000,843,928,988,1000,1,456,400,889,808,982,953,957,240,837,700,698,989,12,1000,843,928,988,1000,1,456,500,889,808,982,f27925f3d6f792efb037cdb55bb98b972c11c1c6
2025-03-31T13:42:58,20250331134258,953,957,240,837,700,698,989,12,1000,843,928,985,1000,1,452,400,889,808,982,953,957,240,837,700,698,989,12,1000,843,928,985,1000,1,452,500,889,808,982,eb78765b81165017890e39474395c2dc6b55ea11
2025-03-31T21:52:35,20250331215235,953,957,240,837,700,698,989,12,1000,843,928,988,1000,1,452,400,889,808,982,953,957,240,837,700,698,989,12,1000,843,928,988,1000,1,452,500,889,808,982,4bbc39703afd169d2a2ff8f052faf2a95bd5f46d
2025-04-01T09:40:15,20250401094015,953,957,240,837,708,698,989,12,1000,843,928,988,1000,1,456,400,889,808,982,953,957,240,837,708,698,989,12,1000,843,928,988,1000,1,456,500,889,808,982,87c6b5c18c2806bfa38c58d7349d3fed7e4237c3
2025-04-01T21:27:49,20250401212749,953,957,240,837,700,698,989,12,1000,843,928,988,1000,1,448,400,889,808,994,953,957,240,837,700,698,989,12,1000,843,928,988,1000,1,448,500,889,808,994,befa35dc6ab4806b8008138d38f7a053a7fd7fd3
2025-04-02T04:08:01,20250402040801,953,957,240,837,708,698,989,12,1000,843,928,985,1000,1,452,400,889,808,994,953,957,240,837,708,698,989,12,1000,843,928,985,1000,1,452,500,889,808,994,10f805c9853bc080ad07b94fb8d2a08dbea5d691
2025-04-02T09:48:10,20250402094810,953,957,240,837,708,698,989,12,1000,843,928,988,1000,1,448,400,889,808,994,953,957,240,837,708,698,989,12,1000,843,928,988,1000,1,448,500,889,808,994,6be6a06991d7a2123d4b51f4ce384c6bce92f859
2025-04-02T16:22:25,20250402162225,953,957,240,837,717,947,989,12,1000,843,928,988,1000,1,460,400,889,808,994,953,957,240,837,717,947,989,12,1000,843,928,988,1000,1,460,500,889,808,994,526b3d0ba7ebe24e98aad3e1535e586927651821
