date,chrome-version,chrome-interop-2023-events,chrome-interop-2024-layout,chrome-interop-2025-anchor-positioning,chrome-interop-2025-backdrop-filter,chrome-interop-2025-core-web-vitals,chrome-interop-2025-details,chrome-interop-2025-modules,chrome-interop-2025-navigation,chrome-interop-2025-remove-mutation-events,chrome-interop-2025-scope,chrome-interop-2025-scrollend,chrome-interop-2025-storageaccess,chrome-interop-2025-textdecoration,chrome-interop-2025-urlpattern,chrome-interop-2025-view-transitions,chrome-interop-2025-webassembly,chrome-interop-2025-webcompat,chrome-interop-2025-webrtc,chrome-interop-2025-writingmodes,firefox-version,firefox-interop-2023-events,firefox-interop-2024-layout,firefox-interop-2025-anchor-positioning,firefox-interop-2025-backdrop-filter,firefox-interop-2025-core-web-vitals,firefox-interop-2025-details,firefox-interop-2025-modules,firefox-interop-2025-navigation,firefox-interop-2025-remove-mutation-events,firefox-interop-2025-scope,firefox-interop-2025-scrollend,firefox-interop-2025-storageaccess,firefox-interop-2025-textdecoration,firefox-interop-2025-urlpattern,firefox-interop-2025-view-transitions,firefox-interop-2025-webassembly,firefox-interop-2025-webcompat,firefox-interop-2025-webrtc,firefox-interop-2025-writingmodes,safari-version,safari-interop-2023-events,safari-interop-2024-layout,safari-interop-2025-anchor-positioning,safari-interop-2025-backdrop-filter,safari-interop-2025-core-web-vitals,safari-interop-2025-details,safari-interop-2025-modules,safari-interop-2025-navigation,safari-interop-2025-remove-mutation-events,safari-interop-2025-scope,safari-interop-2025-scrollend,safari-interop-2025-storageaccess,safari-interop-2025-textdecoration,safari-interop-2025-urlpattern,safari-interop-2025-view-transitions,safari-interop-2025-webassembly,safari-interop-2025-webcompat,safari-interop-2025-webrtc,safari-interop-2025-writingmodes,interop-interop-2023-events,interop-interop-2024-layout,interop-interop-2025-anchor-positioning,interop-interop-2025-backdrop-filter,interop-interop-2025-core-web-vitals,interop-interop-2025-details,interop-interop-2025-modules,interop-interop-2025-navigation,interop-interop-2025-remove-mutation-events,interop-interop-2025-scope,interop-interop-2025-scrollend,interop-interop-2025-storageaccess,interop-interop-2025-textdecoration,interop-interop-2025-urlpattern,interop-interop-2025-view-transitions,interop-interop-2025-webassembly,interop-interop-2025-webcompat,interop-interop-2025-webrtc,interop-interop-2025-writingmodes,revision
2025-01-01,131.0.6778.204,845,998,974,884,738,804,955,985,0,891,821,622,911,1000,976,0,820,83,273,133.0.3,832,953,148,768,573,403,100,4,0,119,750,732,991,1,68,0,651,695,939,18.2 (20620.1.16.11.8),816,942,147,782,41,398,818,4,0,805,26,243,738,1,877,0,611,689,219,753,908,148,765,41,467,100,4,0,119,32,197,738,1,65,0,629,0,211,58c1148991566b4b3454edac0f9a8e11010e20b2
2025-01-05,131.0.6778.204,845,998,974,884,746,804,955,985,0,891,821,622,911,1000,983,0,820,83,273,133.0.3,832,953,148,768,573,403,100,4,0,119,750,732,991,1,68,0,651,695,939,18.2 (20620.1.16.11.8),816,942,147,782,41,398,818,4,0,805,17,243,738,1,874,0,611,689,219,753,908,148,765,41,467,100,4,0,119,21,197,738,1,64,0,629,0,211,c72ee0c082d350b8b44f7a6bac1f028752b13527
2025-01-11,131.0.6778.264,849,998,978,956,746,804,955,985,0,891,821,622,911,1000,980,0,845,83,273,134.0,836,954,148,840,573,403,100,4,0,119,750,729,991,1,68,0,651,695,939,18.2 (20620.1.16.11.8),820,942,147,840,41,398,825,4,0,805,17,243,738,1,874,0,635,689,219,757,909,147,768,41,467,100,4,0,119,21,197,738,1,64,0,612,0,211,475127f90be9926867796ff98717b621a358af52
2025-01-13,131.0.6778.264,849,998,978,956,746,804,955,985,0,891,821,622,911,1000,983,0,845,83,273,134.0,836,954,148,840,573,403,100,4,0,119,750,729,991,1,68,0,651,695,939,18.2 (20620.1.16.11.8),820,943,147,840,41,398,825,4,0,805,17,243,738,1,877,0,635,689,219,757,910,147,768,41,467,100,4,0,119,21,197,738,1,64,0,612,0,211,de55a5d77041ccefa4d549c04b87aff437be8f3f
2025-01-14,131.0.6778.264,849,998,978,956,746,804,955,985,0,891,821,622,911,1000,983,0,845,83,273,134.0,836,954,148,840,573,403,100,4,0,119,339,863,991,1,68,0,651,695,939,18.2 (20620.1.16.11.8),820,943,147,840,41,398,818,4,0,805,26,243,738,1,870,0,635,689,219,757,910,147,768,41,467,100,4,0,119,10,197,738,1,64,0,612,0,211,6444e5185e75e0e3e57bc7879f59e5a19570793d
2025-01-19,132.0.6834.83,849,998,982,956,755,847,955,985,0,921,821,622,911,1000,983,0,845,83,985,134.0.1,836,954,148,840,573,403,100,4,0,119,339,863,991,1,68,0,651,737,939,18.2 (20620.1.16.11.8),796,942,147,840,41,398,825,4,0,805,26,243,738,1,874,0,635,689,219,733,909,147,768,41,443,100,4,0,119,10,197,738,1,64,0,612,0,220,8f3f629756d7351867a8be36d5f217608b9adc61
2025-01-21,132.0.6834.83,849,998,982,956,755,847,955,985,0,921,821,622,911,1000,983,0,845,83,985,134.0.1,836,954,148,840,573,403,100,4,0,119,339,732,991,1,68,0,651,737,939,18.2 (20620.1.16.11.8),820,942,147,840,41,398,818,4,0,805,26,243,738,1,874,0,635,689,219,757,909,147,768,41,443,100,4,0,119,10,197,738,1,64,0,612,0,220,cfcf3b9ae4211f2cf44fc1049d3fcf31d9f6fcc6
2025-01-24,132.0.6834.110,849,998,982,956,755,847,955,985,0,921,821,622,911,1000,986,0,845,83,985,134.0.2,859,954,148,840,582,403,100,4,0,119,339,729,991,1,68,0,651,737,939,18.2 (20620.1.16.11.8),796,942,147,840,41,398,825,4,0,805,17,243,738,1,879,0,635,689,219,757,910,147,768,41,443,100,4,0,119,10,197,738,1,64,0,612,0,220,2eafc9af5c0af68be0eb95d18422545a5316d0fa
2025-01-26,132.0.6834.110,849,998,982,956,755,847,955,985,0,921,821,622,911,1000,982,0,845,83,985,134.0.2,836,954,148,840,573,403,100,4,0,119,339,732,991,1,68,0,651,737,939,18.2 (20620.1.16.11.8),796,942,147,840,41,398,818,4,0,805,26,243,738,1,879,0,635,689,219,733,910,147,768,41,443,100,4,0,119,10,197,738,1,64,0,612,0,220,e5e7dab5e72edd352b17105acce2b8f443face10
2025-01-27,132.0.6834.110,849,998,982,956,755,847,955,985,0,921,821,622,911,1000,986,0,845,83,985,134.0.2,836,954,148,840,573,403,100,4,0,119,339,732,991,1,68,0,651,737,939,18.2 (20620.1.16.11.8),820,942,147,840,41,398,818,4,0,805,26,243,738,1,871,0,635,689,219,757,910,147,768,41,443,100,4,0,119,10,197,738,1,64,0,612,0,220,7063191470f790e0ac0d476f7ff909b06cc73b6d
2025-02-02,132.0.6834.159,849,998,982,956,755,847,955,907,0,921,821,622,911,1000,982,0,845,83,985,134.0.2,836,954,148,840,573,403,100,4,0,119,339,732,991,1,68,0,663,737,939,18.3 (20620.2.4.11.5),796,942,147,840,41,398,818,4,0,805,26,243,738,1,875,0,635,689,219,716,909,147,768,41,443,100,4,0,119,10,197,738,1,64,0,603,0,220,f630424a79c1ae17deaaf27a21efdbca1378af0e
2025-02-03,132.0.6834.159,849,998,982,956,755,847,955,907,0,921,821,622,911,1000,978,0,845,83,985,134.0.2,836,954,148,840,573,403,100,4,0,119,339,732,991,1,68,0,663,737,939,18.3 (20620.2.4.11.5),820,942,147,840,41,398,818,4,0,805,26,243,738,1,875,0,635,689,219,739,909,147,768,41,443,100,4,0,119,10,197,738,1,64,0,603,0,220,28af658f73488ef9a027a2c55add59e0576fcf79
2025-02-06,133.0.6943.53,904,998,992,956,755,847,955,907,1000,1000,821,622,911,1000,982,0,845,83,985,135.0,928,954,148,840,573,403,100,4,400,119,339,726,991,1,68,0,688,737,939,18.3 (20620.2.4.11.5),820,941,147,840,41,398,818,4,300,805,17,243,738,1,875,0,635,689,219,771,909,147,768,41,443,100,4,300,119,10,197,738,1,60,0,631,0,220,1cea1765b9d6ee2b6ad47907e6812787080d66b6
2025-02-09,133.0.6943.53,904,998,992,956,755,847,955,907,1000,1000,821,622,911,1000,982,0,845,83,985,135.0,904,954,148,840,573,403,100,4,400,119,339,721,991,1,68,0,688,737,945,18.3 (20620.2.4.11.5),820,942,147,840,41,398,825,4,300,805,17,243,738,1,871,0,635,689,219,748,909,147,768,41,443,100,4,300,119,10,197,738,1,60,0,631,0,219,1a5b13545ae58e468ed11e4c21912a3faf3355ea
2025-02-10,133.0.6943.53,904,998,992,956,755,847,955,907,1000,1000,821,622,911,1000,985,0,845,83,985,135.0,904,954,148,840,582,403,100,4,400,119,339,717,991,1,68,0,688,737,945,18.3 (20620.2.4.11.5),820,942,147,840,41,398,818,4,300,805,26,243,738,1,879,0,635,689,219,748,910,147,768,41,443,100,4,300,119,10,197,738,1,64,0,631,0,219,339c5477e4f7aa4a0f60cb104588b708bf0b720f
2025-02-16,133.0.6943.98,904,998,992,956,746,847,955,907,1000,1000,821,622,911,1000,985,500,845,83,985,135.0,904,954,148,840,573,403,100,4,400,119,339,721,991,1,68,500,688,737,945,18.3 (20620.2.4.11.5),820,942,147,840,41,398,818,4,300,805,26,243,738,1,875,0,635,689,219,748,910,147,768,41,443,100,4,300,119,10,197,738,1,64,0,631,0,219,de61904887c13679551c32e5e3e70b4dc870c98a
2025-02-17,133.0.6943.98,904,998,992,956,755,847,955,907,1000,1000,821,622,911,1000,985,500,845,83,985,135.0,904,954,148,840,573,403,100,4,400,119,339,721,991,1,68,500,688,737,945,18.3 (20620.2.4.11.5),820,943,147,840,41,398,818,4,300,805,17,243,738,1,875,0,635,689,219,748,910,147,768,41,443,100,4,300,119,10,197,738,1,60,0,631,0,219,4ea48fec4b3c96437838c2fd5c4436d0a1b7a547
2025-02-18,133.0.6943.98,904,998,992,956,755,847,955,907,1000,1000,821,622,911,1000,985,500,967,83,985,135.0,904,954,148,840,582,403,100,4,400,119,339,721,991,1,68,500,688,737,945,18.3 (20620.2.4.11.5),796,942,147,840,41,398,818,4,300,805,17,243,738,1,879,0,635,689,219,724,910,147,768,41,443,100,4,300,119,10,197,738,1,60,0,554,0,219,09b2cb43d8dbfb5b3e960f8808ecfdf17826d80d
2025-02-23,133.0.6943.126,904,998,992,956,755,847,944,907,1000,1000,821,622,911,1000,978,500,967,83,985,135.0.1,928,954,148,840,573,403,111,4,400,119,339,721,991,1,68,500,688,737,945,18.3 (20620.2.4.11.5),820,942,147,840,41,398,818,4,300,805,26,243,738,1,867,0,635,689,219,748,909,147,768,41,443,111,4,300,119,10,197,738,1,64,0,554,0,219,3250a8d86c26f1e194fda2e8a13c2a83f0efda58
2025-03-09,134.0.6998.35,904,998,989,956,759,847,944,907,1000,1000,821,696,911,986,966,500,918,83,985,136.0,928,959,148,840,578,403,111,4,400,119,339,812,991,1,68,500,736,737,945,18.3 (20620.2.4.11.5),820,942,147,855,46,398,825,4,300,805,17,330,738,1,869,0,587,689,219,748,914,147,782,46,443,111,4,300,119,10,284,738,1,64,0,554,0,219,c23b0ad587af296087067b48a2f2101233589a8f
2025-03-11,134.0.6998.88,904,998,989,956,759,847,944,907,1000,1000,821,696,911,986,974,500,918,83,985,136.0,928,959,148,840,578,403,111,4,400,119,339,812,991,1,68,500,736,737,945,18.3 (20620.2.4.11.5),820,942,147,855,46,398,825,4,300,805,26,330,738,1,865,0,587,689,219,748,914,147,782,46,443,111,4,300,119,10,284,738,1,61,0,554,0,219,49aff2032b3b87889f313b414a744293f8e5a4e1
2025-03-16,134.0.6998.88,904,998,989,956,759,847,944,907,1000,1000,821,696,911,986,974,500,920,83,985,136.0.1,928,959,148,840,578,403,111,4,400,119,339,812,991,1,68,500,739,737,945,18.3 (20620.2.4.11.5),820,942,147,855,46,398,825,4,300,805,26,330,738,1,869,0,587,689,219,748,914,147,782,46,432,111,4,300,119,10,284,738,1,61,0,556,0,219,7a9307ef9e1e88229ced4a29991270d20911669c
2025-03-17,134.0.6998.88,904,998,989,956,759,847,944,907,1000,1000,821,696,911,986,974,500,920,83,985,136.0.1,928,959,148,840,586,403,111,4,400,119,339,812,991,1,68,500,739,737,945,18.3 (20620.2.4.11.5),820,942,147,855,46,398,818,4,300,805,26,330,738,1,869,0,587,689,219,748,914,147,782,46,432,111,4,300,119,10,284,738,1,61,0,556,0,219,78271cb729bc549c41ce3fd4b9361efe763626c1
2025-03-21,134.0.6998.90,904,997,989,956,759,847,944,907,1000,1000,1000,696,911,984,966,500,920,0,985,136.0.2,928,958,148,840,578,403,111,4,400,119,410,812,991,1,68,500,739,737,951,18.3 (20620.2.4.11.5),820,942,147,855,46,398,825,4,300,805,17,330,738,1,865,0,587,689,219,748,914,147,782,46,432,111,4,300,119,8,284,738,1,61,0,556,0,219,3b80c08545da12877248af6c37c1fc2f0f285d3b
2025-03-22,134.0.6998.165,904,997,977,956,759,847,944,907,1000,1000,1000,696,911,984,974,500,920,83,985,136.0.2,928,958,151,840,578,403,111,4,400,119,410,808,991,1,68,500,727,737,951,18.3 (20620.2.4.11.5),820,942,150,855,46,398,818,4,300,805,17,330,738,1,865,0,587,689,219,748,914,150,782,46,432,111,4,300,119,8,284,738,1,61,0,556,0,219,02db8c4f0e4c9402050c904ab28dc15ec4ad2d5d
2025-03-24,134.0.6998.165,904,997,977,956,759,847,944,907,1000,1000,1000,696,911,984,970,500,920,83,985,136.0.2,928,958,151,840,578,403,111,4,400,119,410,812,991,1,68,500,727,737,951,18.3 (20620.2.4.11.5),820,943,150,855,46,398,818,4,300,805,26,330,738,1,869,0,587,689,219,748,914,150,782,46,432,111,4,300,119,8,284,738,1,64,0,556,0,219,d8d2c7532404518a1a204943d32d93611119c0d8
2025-03-31,134.0.6998.165,904,997,973,956,759,847,944,907,1000,1000,1000,696,911,977,970,500,920,83,985,136.0.4,928,958,147,840,578,403,144,4,400,119,928,812,991,1,68,500,727,737,951,18.3 (20620.2.4.11.5),820,942,146,855,46,398,851,4,300,805,26,330,738,1,865,0,587,689,219,748,914,146,782,46,432,111,4,300,119,26,284,738,1,61,0,556,0,219,bd675eac22189c59cd721d7b51ad0cbbfb43e8ce
2025-04-01,134.0.6998.165,904,997,969,956,751,847,944,907,1000,1000,1000,696,911,977,970,500,920,83,985,136.0.4,928,958,147,840,578,403,144,4,400,119,928,808,991,1,68,500,727,737,951,18.4 (20621.1.15.11.10),820,944,146,855,46,599,851,4,300,817,26,330,738,1,882,0,649,689,718,748,915,146,782,46,463,111,4,300,119,26,284,738,1,64,0,558,0,693,83852c0f8df29c90e613454dedab1cac690b7c15
2025-04-02,135.0.7049.42,904,997,972,956,759,847,944,987,1000,1000,1000,696,911,977,978,500,926,83,1000,137.0,928,959,147,840,578,403,144,4,400,119,928,812,1000,1,68,500,739,737,976,18.4 (20621.1.15.11.10),820,944,146,855,46,599,851,4,300,817,26,330,738,1,879,0,649,689,718,748,915,146,782,46,463,111,4,300,119,26,284,738,1,61,0,564,0,712,be7f562d5c47fb38075e0050c0361996fce83de1
2025-04-07,135.0.7049.42,904,997,972,956,759,842,944,987,1000,1000,1000,696,911,977,974,500,926,83,1000,137.0,928,959,147,840,578,424,144,4,400,119,928,812,1000,1,68,500,739,737,976,18.4 (20621.1.15.11.10),820,944,146,855,46,598,851,4,300,817,26,330,738,1,882,0,649,689,718,748,915,146,782,46,488,111,4,300,119,26,284,738,1,64,0,564,0,712,e791d508e90e8756da2d638f073334863f2a7ff9
2025-04-09,135.0.7049.84,904,997,972,956,742,842,944,987,1000,1000,1000,696,911,977,978,500,926,83,1000,137.0.1,928,959,147,840,595,424,144,4,400,119,928,812,1000,1,68,500,739,737,976,18.4 (20621.1.15.11.10),820,944,146,855,46,598,858,4,300,817,17,330,738,1,882,0,649,689,718,748,915,146,782,46,488,111,4,300,119,17,284,738,1,64,0,564,0,712,4058ec7dcac51731aff1ab6df8d5a26943cec462
2025-04-10,135.0.7049.84,904,997,972,956,751,842,944,987,1000,1000,1000,696,911,977,978,500,926,83,1000,137.0.1,928,959,147,840,578,424,144,4,400,119,928,808,1000,1,68,500,727,737,976,18.4 (20621.1.15.11.10),796,944,146,855,46,598,858,4,300,817,26,330,738,1,882,0,649,689,718,724,915,146,782,46,488,111,4,300,119,26,284,738,1,64,0,564,0,712,8bda5acdd38e2591456da5ffc09a0cc294c50c50
2025-04-12,135.0.7049.84,904,997,972,956,759,842,944,987,1000,1000,1000,696,911,977,978,500,926,83,1000,137.0.1,928,959,147,840,595,424,144,4,400,119,928,808,1000,1,68,500,739,737,976,18.4 (20621.1.15.11.10),820,944,146,855,46,598,851,4,300,817,26,330,738,1,882,0,649,689,718,748,915,146,782,46,488,111,4,300,119,26,284,738,1,64,0,564,0,712,42329bc44a2ca90d1be599169588fbe73b3e23bf
2025-04-13,135.0.7049.84,904,997,972,956,759,842,944,987,1000,1000,1000,696,911,977,973,500,926,83,1000,137.0.1,928,959,147,840,595,424,144,4,400,119,928,812,1000,1,68,500,739,737,976,18.4 (20621.1.15.11.10),820,944,146,855,46,598,851,4,300,817,26,330,738,1,882,0,649,689,718,748,915,146,782,46,488,111,4,300,119,26,284,738,1,64,0,564,0,712,345da84d875becd82120ac159d86acc3b40921f1
2025-04-14,135.0.7049.84,904,997,972,956,759,842,944,987,1000,1000,1000,696,911,977,974,500,926,83,1000,137.0.1,928,959,147,840,595,424,144,4,400,119,928,812,1000,1,68,500,739,737,976,18.4 (20621.1.15.11.10),820,944,146,855,46,598,858,4,300,817,26,330,738,1,882,0,649,689,718,748,915,146,782,46,488,111,4,300,119,26,284,738,1,64,0,564,0,712,9195b5520e60443329d238dc6e9927038b7a9a6f
2025-04-16,135.0.7049.95,904,997,972,956,759,842,944,987,1000,1000,1000,696,911,977,974,500,926,83,1000,137.0.2,928,959,147,840,595,424,144,4,400,119,928,812,1000,1,68,500,739,737,976,18.4 (20621.1.15.11.10),820,944,146,855,46,598,851,4,300,817,17,330,738,1,882,0,649,689,718,748,915,146,782,46,488,111,4,300,119,17,284,738,1,64,0,564,0,712,ee13c18d3088687e88fab6480cb3bebb0fd2c1d0
2025-04-17,135.0.7049.95,904,997,972,956,759,842,944,987,1000,1000,1000,696,911,977,982,500,926,83,1000,137.0.2,928,959,147,840,595,424,144,4,400,119,928,812,1000,1,68,500,739,737,976,18.4 (20621.1.15.11.10),820,944,146,855,46,598,851,4,300,817,26,330,738,1,879,0,649,689,718,748,915,146,782,46,488,111,4,300,119,26,284,738,1,61,0,564,0,712,598b01670a3b892b6147f015a9799b6c595bdb50
2025-04-18,135.0.7049.95,904,997,972,956,759,842,944,987,1000,1000,1000,696,911,977,978,500,926,83,1000,137.0.2,928,959,147,840,595,424,144,4,400,119,928,812,1000,1,68,500,739,737,976,18.4 (20621.1.15.11.10),820,944,146,855,46,598,858,4,300,817,26,330,738,1,879,0,649,689,718,748,915,146,782,46,488,111,4,300,119,26,284,738,1,61,0,564,0,712,28bdfc26ef2182d1085aa84297403f0dcf7450dd
2025-04-20,135.0.7049.95,904,997,972,956,759,842,944,987,1000,1000,1000,696,911,977,970,500,926,83,1000,137.0.2,928,959,147,840,595,424,144,4,400,119,928,808,1000,1,68,500,739,737,976,18.4 (20621.1.15.11.10),820,944,146,855,46,598,851,4,300,817,26,330,738,1,879,0,649,689,718,748,915,146,782,46,488,111,4,300,119,26,284,738,1,61,0,564,0,712,8d124dbe46f46f55531f28f13eccf1113f794c12
2025-04-22,135.0.7049.95,904,997,972,956,751,842,944,987,1000,1000,1000,696,911,977,982,500,926,83,1000,137.0.2,928,959,147,840,595,424,144,4,400,119,928,812,1000,1,68,500,727,737,976,18.4 (20621.1.15.11.10),820,944,146,855,46,598,858,4,300,817,26,330,738,1,882,0,649,689,718,748,915,146,782,46,488,111,4,300,119,26,284,738,1,64,0,564,0,712,e116527062d51cd03acd6c75f300e8e63cf748d6
2025-04-24,135.0.7049.114,904,997,970,956,759,842,944,987,1000,1000,1000,696,911,977,982,500,926,83,1000,137.0.2,928,959,147,840,595,424,144,4,400,119,928,812,1000,1,68,500,739,737,976,18.4 (20621.1.15.11.10),820,944,146,855,46,598,851,4,300,817,26,330,738,1,882,0,649,689,718,748,915,146,782,46,488,111,4,300,119,26,284,738,1,64,0,564,0,712,a09cf15dff82d741996db438e5804f1c04f46d3b
2025-04-27,135.0.7049.114,904,997,970,956,759,842,944,987,1000,1000,1000,696,911,977,978,500,926,83,1000,137.0.2,928,959,147,840,595,424,144,4,400,119,928,812,1000,1,68,500,739,729,976,18.4 (20621.1.15.11.10),796,944,146,855,46,598,851,4,300,817,26,330,738,1,879,0,649,709,718,724,915,146,782,46,488,111,4,300,119,26,284,738,1,61,0,564,0,712,cae0369c7e2b6b4c6568843f73c7e1a5a3aae9b8
2025-04-30,136.0.7103.49,928,999,987,956,759,869,944,987,1000,1000,1000,696,911,977,963,500,975,83,1000,138.0,904,958,147,840,604,424,1000,4,400,119,928,808,1000,1,45,500,873,729,982,18.4 (20621.1.15.11.10),796,944,146,855,46,598,851,4,300,817,26,330,738,1,882,0,649,709,718,748,915,146,782,46,488,796,4,300,119,26,284,738,1,45,0,613,0,718,e115cf56cdf632636c71a84234d157ea2fd6b85a
2025-05-01,136.0.7103.49,928,999,987,956,751,869,944,987,1000,1000,1000,696,911,977,970,500,975,83,1000,138.0,904,958,147,840,595,424,1000,4,400,119,928,812,1000,1,45,500,873,729,982,18.4 (20621.1.15.11.10),796,944,146,855,46,598,858,4,300,817,17,330,738,1,882,0,649,709,718,748,915,146,782,46,488,802,4,300,119,17,284,738,1,45,0,613,0,718,91e1c349f9540b482d55a4050480c93b08f68c20
2025-05-13,136.0.7103.92,928,999,978,956,759,869,944,987,1000,1000,1000,696,911,977,986,500,975,83,1000,138.0.1,904,958,147,840,603,424,1000,4,400,119,928,812,1000,1,45,500,873,729,982,18.4 (20621.1.15.11.10),796,944,146,855,46,598,851,4,300,817,26,330,738,1,890,0,649,709,718,748,915,146,782,46,488,796,4,300,119,26,284,738,1,45,0,613,0,718,9b5c7265c7be11434d71c2d8a4288885a1a9e086
2025-05-15,136.0.7103.94,928,999,978,956,751,869,944,987,1000,1000,1000,696,911,977,989,500,975,60,1000,138.0.3,904,958,147,840,603,424,1000,4,400,119,928,812,1000,1,45,500,873,804,982,18.5 (20621.2.5.11.8),796,944,146,855,46,598,851,4,300,817,17,330,738,1,890,0,649,784,718,748,915,146,782,46,488,796,4,300,119,17,284,738,1,45,0,613,60,718,d99035ccbd9d0f043ea89a496ea58982d45f7c45
2025-05-17,136.0.7103.94,928,999,978,956,759,869,944,987,1000,1000,1000,696,911,977,974,500,975,143,1000,138.0.3,904,958,147,840,603,424,1000,4,400,119,928,812,1000,1,45,500,873,804,982,18.5 (20621.2.5.11.8),796,944,146,855,46,598,851,4,300,817,26,330,738,1,902,0,649,775,718,748,915,146,782,46,488,796,4,300,119,26,284,738,1,45,0,613,60,718,0557f15b1edaed64ca89d864a8be9ffd82c888ec
2025-05-22,136.0.7103.113,928,999,978,956,751,869,944,987,1000,1000,1000,696,911,977,989,500,975,143,1000,138.0.4,904,958,147,840,603,424,1000,4,400,119,928,808,1000,1,45,500,873,804,982,18.5 (20621.2.5.11.8),772,944,146,855,46,598,851,4,300,817,26,330,738,1,898,0,649,775,724,724,915,146,782,46,488,796,4,300,119,26,284,738,1,41,0,613,60,724,fe9d1af083e18599e56d55dff5523c9232269901
2025-05-25,136.0.7103.113,928,999,978,956,759,869,944,987,1000,1000,1000,696,911,977,982,500,975,143,1000,138.0.4,881,958,147,840,612,424,1000,4,400,119,928,812,1000,1,45,500,873,804,982,18.5 (20621.2.5.11.8),796,944,146,855,46,598,851,4,300,817,26,330,738,1,898,0,649,775,724,748,915,146,782,46,488,796,4,300,119,26,284,738,1,41,0,613,60,724,ef8345da7cf8119a758eea01d1f4a5fd8fd525f9
2025-05-26,136.0.7103.113,928,999,978,956,759,869,944,987,1000,1000,1000,696,911,977,986,500,975,143,1000,138.0.4,881,958,147,840,603,424,1000,4,400,119,928,812,1000,1,45,500,873,804,982,18.5 (20621.2.5.11.8),796,944,146,855,46,598,851,4,300,817,17,330,738,1,898,0,649,775,724,748,915,146,782,46,488,796,4,300,119,17,284,738,1,41,0,613,60,724,cef176257c341ca4eae7f2d898d217c8717e217b
2025-06-01,137.0.7151.55,928,999,978,956,759,869,943,987,1000,1000,1000,696,911,977,975,500,963,143,1000,139.0.1,904,960,147,840,603,652,986,4,400,119,928,812,1000,1,45,500,861,804,1000,18.5 (20621.2.5.11.8),772,944,146,855,46,598,850,4,300,817,26,330,738,1,898,0,637,775,724,748,915,146,782,46,488,787,4,300,119,26,284,738,1,41,0,600,60,724,a1dcc969c7db5ac73d9b9eeb349949e7e639f3fd
2025-06-02,137.0.7151.55,928,999,978,956,751,869,943,985,1000,1000,1000,696,911,977,982,500,963,143,1000,139.0.1,904,960,147,840,603,652,986,4,400,119,928,812,1000,1,45,500,861,804,1000,18.5 (20621.2.5.11.8),796,944,146,855,46,598,850,4,300,817,26,330,738,1,902,0,637,775,724,771,915,146,782,46,488,787,4,300,119,26,284,738,1,45,0,600,60,724,17e2e028455d9f86ae9a428fccb292b354d89ed6
2025-06-07,137.0.7151.68,928,999,978,956,759,869,943,987,1000,1000,1000,696,911,977,991,500,963,143,1000,139.0.1,904,960,147,840,603,652,986,4,400,119,928,808,1000,1,45,500,861,804,1000,18.5 (20621.2.5.11.8),772,944,146,855,46,598,843,4,300,817,17,330,738,1,902,0,637,775,724,748,915,146,782,46,488,780,4,300,119,17,284,738,1,41,0,600,60,724,29e8152e6a03b0b884e1619e063df34c6320fafa
2025-06-11,137.0.7151.70,928,999,978,956,759,869,943,987,1000,1000,1000,696,911,977,994,500,963,143,1000,139.0.4,904,960,147,840,603,652,986,4,400,119,928,812,1000,1,45,500,861,804,1000,18.5 (20621.2.5.11.8),796,944,146,855,46,598,843,4,300,817,17,330,738,1,902,0,637,775,724,771,915,146,782,46,488,780,4,300,119,17,284,738,1,41,0,600,60,724,56bf61302bc22f5911ff67514aeec01e2d69a541
2025-06-14,137.0.7151.70,928,999,978,956,751,869,943,985,1000,1000,1000,696,911,977,994,500,963,143,1000,139.0.4,904,960,147,840,603,652,986,4,400,119,928,812,1000,1,45,500,861,804,1000,18.5 (20621.2.5.11.8),796,944,146,855,46,598,843,4,300,817,26,330,738,1,902,0,637,775,724,771,915,146,782,46,488,780,4,300,119,26,284,738,1,41,0,600,60,724,e8d5e5d8541bdca68774040dd9c12e41b52d0732
2025-06-15,137.0.7151.70,928,999,978,956,759,869,943,985,1000,1000,1000,696,911,977,990,500,963,143,1000,139.0.4,904,960,147,840,603,652,986,4,400,119,928,812,1000,1,45,500,861,804,1000,18.5 (20621.2.5.11.8),796,944,146,855,46,598,843,4,300,817,17,330,738,1,902,0,637,775,724,771,915,146,782,46,488,780,4,300,119,17,284,738,1,41,0,600,60,724,00668dccbfd2a4d51de6978f0ebed197371c7af7
2025-06-16,137.0.7151.70,928,999,978,956,751,869,943,985,1000,1000,1000,696,911,977,979,500,963,143,1000,139.0.4,904,960,147,840,612,652,986,4,400,119,928,808,1000,1,45,500,861,804,1000,18.5 (20621.2.5.11.8),796,944,146,855,46,598,850,4,300,817,26,330,738,1,902,0,637,775,724,771,915,146,782,46,488,787,4,300,119,26,284,738,1,41,0,600,60,724,ecd0758a4a69bd13152609942291ca558e2bca73
2025-06-17,137.0.7151.70,928,999,982,956,759,869,943,985,1000,1000,1000,696,911,977,990,500,963,143,1000,139.0.4,881,960,147,840,603,652,986,4,400,119,928,812,1000,1,45,500,861,804,1000,18.5 (20621.2.5.11.8),796,944,146,855,46,598,850,4,300,817,17,330,738,1,905,0,637,775,724,748,915,146,782,46,488,787,4,300,119,17,284,738,1,45,0,600,60,724,2ff73733b36dc68c6af8b0aee5be16ec8a457757
2025-06-20,137.0.7151.119,928,999,982,956,751,869,943,985,1000,1000,1000,696,911,977,994,500,963,143,1000,139.0.4,904,960,147,840,603,652,986,4,400,119,928,812,1000,1,45,500,861,790,1000,18.5 (20621.2.5.11.8),772,944,146,855,46,598,850,4,300,817,17,330,738,1,902,0,637,761,724,748,915,146,782,46,488,787,4,300,119,17,284,738,1,41,0,600,60,724,f6a6f9b58259800fb76911912ac0692df5db264e
2025-06-24,137.0.7151.119,928,999,982,956,759,869,943,985,1000,1000,1000,696,911,977,982,500,963,143,1000,139.0.4,904,962,147,840,603,652,986,4,400,119,928,812,1000,1,45,500,861,790,1000,18.5 (20621.2.5.11.8),748,945,146,855,46,598,843,4,300,817,26,330,738,1,909,0,637,761,724,724,917,146,782,46,488,780,4,300,119,26,284,738,1,45,0,600,60,724,f9fe3ed961bfa843a2736fbf78c9d631734c941d
2025-06-25,138.0.7204.49,928,999,991,985,759,869,943,985,1000,1000,1000,696,911,977,980,500,963,143,1000,140.0,998,971,147,840,774,652,991,4,1000,119,928,812,1000,1,45,500,861,790,1000,18.5 (20621.2.5.11.8),736,945,146,855,46,598,850,4,300,817,26,330,738,1,894,0,637,761,724,712,921,146,782,46,488,792,4,300,119,26,284,738,1,41,0,600,60,724,03405138c984b7119a79eb375a236c07a0e2b198
2025-06-28,138.0.7204.49,928,999,991,985,759,869,943,985,1000,1000,1000,696,911,977,979,500,963,143,1000,140.0.2,998,971,147,840,774,652,991,4,1000,119,928,812,1000,1,45,500,861,790,1000,18.5 (20621.2.5.11.8),796,945,146,855,38,598,843,4,300,817,26,330,738,1,901,0,637,761,724,771,921,146,782,38,488,786,4,300,119,26,284,738,1,41,0,600,60,724,fd824c06162e4508f216120d01e949c2cc447100
2025-06-29,138.0.7204.49,928,999,991,985,751,869,943,985,1000,1000,1000,696,911,977,979,500,963,143,1000,140.0.2,998,971,147,840,774,652,991,4,1000,119,928,812,1000,1,45,500,861,790,1000,18.5 (20621.2.5.11.8),796,945,146,855,38,598,843,4,300,817,26,330,738,1,905,0,637,761,724,771,921,146,782,38,488,786,4,300,119,26,284,738,1,45,0,600,60,724,60890064740497d91d1e5d2aa10669c52cd4c378
2025-06-30,138.0.7204.49,928,999,991,985,759,869,943,985,1000,1000,1000,696,911,977,968,500,963,143,1000,140.0.2,998,971,147,840,774,652,991,4,1000,119,928,812,1000,1,45,500,861,790,1000,18.5 (20621.2.5.11.8),772,945,146,855,38,598,850,4,300,817,26,330,738,1,901,0,637,761,724,748,921,146,782,38,488,792,4,300,119,26,284,738,1,41,0,600,60,724,fee00f968c53b485d69e90089747758a73aee98d
2025-07-04,138.0.7204.92,952,999,991,985,759,869,943,985,1000,1000,1000,696,911,977,983,500,963,143,1000,140.0.2,975,971,147,840,774,652,991,4,1000,119,1000,808,1000,1,45,500,873,790,1000,18.5 (20621.2.5.11.8),796,945,146,869,38,598,843,4,300,817,26,330,738,1,905,0,637,761,724,771,921,146,782,38,488,786,4,300,119,26,284,738,1,45,0,600,60,724,976acafe2c09fa7106e2d6b39093a27970d25759
2025-07-05,138.0.7204.92,952,999,991,985,751,869,943,985,1000,1000,1000,696,911,977,983,500,963,60,1000,140.0.2,975,971,147,840,774,652,991,4,1000,119,1000,812,1000,1,45,500,873,790,1000,18.5 (20621.2.5.11.8),796,945,146,869,38,598,850,4,300,817,26,330,738,1,901,0,637,761,724,771,921,146,782,38,488,792,4,300,119,26,284,738,1,41,0,600,60,724,b281d07f3ead48995b9a2e94259d292e22cd5dd9
2025-07-10,138.0.7204.94,928,999,991,985,751,869,943,985,1000,1000,1000,696,911,977,968,500,963,143,1000,140.0.4,998,971,147,840,774,652,991,4,1000,119,1000,812,1000,1,45,500,873,790,1000,18.5 (20621.2.5.11.8),796,945,146,869,38,598,843,4,300,817,26,330,738,1,901,0,637,761,724,771,921,146,782,38,488,786,4,300,119,26,284,738,1,41,0,600,60,724,7aa05806aeba91d59bd2cdc486c6e61ae9083f75
2025-07-13,138.0.7204.94,928,999,991,971,759,869,943,985,1000,1000,1000,696,911,977,979,500,963,143,1000,140.0.4,998,971,147,840,774,652,991,4,1000,119,1000,812,1000,1,45,500,873,790,1000,18.5 (20621.2.5.11.8),772,945,146,913,38,598,843,4,300,817,26,330,738,1,905,0,637,761,724,748,921,146,797,38,488,786,4,300,119,26,284,738,1,45,0,600,60,724,aaee91a6d56517e8517b2a3bc6bd055c912c79a5
2025-07-14,138.0.7204.94,928,999,991,971,759,869,943,985,1000,1000,1000,696,911,977,979,500,963,143,1000,140.0.4,998,971,147,840,774,652,991,4,1000,119,1000,808,1000,1,45,500,873,790,1000,18.5 (20621.2.5.11.8),796,945,146,913,38,598,843,4,300,817,17,330,738,1,901,0,637,761,724,771,921,146,797,38,488,786,4,300,119,17,284,738,1,41,0,600,60,724,26273c0d795d83618f3b62b138188c5d2f507221
2025-07-15,138.0.7204.94,928,999,991,971,759,869,943,985,1000,1000,1000,696,911,977,975,500,963,143,1000,140.0.4,998,971,147,840,774,652,991,4,1000,119,1000,812,1000,1,45,500,873,790,1000,18.5 (20621.2.5.11.8),772,945,146,913,38,598,843,4,300,817,17,330,738,1,901,0,637,761,724,748,921,146,797,38,488,786,4,300,119,17,284,738,1,41,0,600,60,724,c20016619bc0e4b6afd3618c42b149afe01f6470
2025-07-20,138.0.7204.157,928,999,991,971,759,891,943,985,1000,1000,1000,696,911,977,983,500,963,143,1000,140.0.4,998,971,147,855,774,673,991,4,1000,119,1000,812,1000,1,45,500,873,790,1000,18.5 (20621.2.5.11.8),796,945,146,913,38,598,843,4,300,817,26,330,738,1,901,0,637,761,724,771,921,146,797,38,476,786,4,300,119,26,284,738,1,41,0,600,60,724,a6a515ed38b724a9649190f001af14203f1b664f
2025-07-21,138.0.7204.157,928,999,991,971,759,891,943,985,1000,1000,1000,696,911,977,987,500,963,143,1000,140.0.4,998,971,147,855,774,673,991,4,1000,119,1000,812,1000,1,45,500,873,790,1000,18.5 (20621.2.5.11.8),796,945,146,913,38,598,850,4,300,817,26,330,738,1,901,0,637,761,724,771,921,146,797,38,476,792,4,300,119,26,284,738,1,41,0,600,60,724,ca3b40b0dcd17406d6997dcb6285227af30a8378
2025-07-28,138.0.7204.168,928,999,991,966,759,891,943,985,1000,1000,1000,696,908,977,987,500,963,143,1000,141.0,999,971,147,855,809,673,1000,4,1000,119,1000,951,996,1,45,500,995,824,1000,18.5 (20621.2.5.11.8),766,945,146,913,38,598,850,4,300,817,26,330,741,1,905,0,637,761,718,742,921,146,792,38,476,792,4,300,119,26,284,741,1,45,0,613,60,718,0611406a6b5bf10d7a50f4ded532cba4e7ce2f29
2025-08-03,138.0.7204.183,928,999,973,971,759,891,943,977,1000,1000,1000,696,903,977,979,500,963,143,1000,141.0,999,971,147,855,809,673,1000,4,1000,119,1000,954,957,1,45,500,995,777,1000,18.5 (20621.2.5.11.8),796,945,146,913,38,598,850,4,300,817,26,330,750,1,905,0,637,747,718,771,921,146,797,38,424,792,4,300,119,26,284,745,1,45,0,613,60,718,09ca6b36a23bb8aa6bda85b899bbbb73aa36b9d3
2025-08-04,138.0.7204.183,928,999,973,971,759,891,943,977,1000,1000,1000,696,903,977,983,500,963,60,1000,141.0,999,971,147,855,818,673,1000,4,1000,119,1000,951,957,1,45,500,995,777,1000,18.5 (20621.2.5.11.8),796,945,146,913,38,598,843,4,300,817,26,330,750,1,905,0,637,747,724,771,921,146,797,38,424,786,4,300,119,26,284,745,1,45,0,613,60,724,2bd21f50f44678c1e477302b82dd6cd1dc8f7e4a
2025-08-11,139.0.7258.66,928,1000,973,971,759,891,955,980,1000,1000,1000,696,903,977,994,500,975,143,1000,141.0.3,999,972,147,855,809,673,1000,4,1000,119,1000,954,957,1,45,500,992,777,1000,18.6 (20621.3.11.11.3),796,945,146,913,38,598,843,4,300,817,26,330,750,1,905,0,636,747,724,771,923,146,797,38,424,798,4,300,119,26,284,745,1,45,0,612,60,724,170d5c0c0c15850c52a6f42eccc149a925b90ec4
2025-08-16,139.0.7258.68,928,1000,958,971,759,891,955,982,1000,1000,1000,696,906,977,994,500,975,143,1000,141.0.3,999,972,147,855,818,673,1000,4,1000,119,1000,951,959,1,45,500,995,777,1000,18.6 (20621.3.11.11.3),796,945,146,913,38,598,850,4,300,817,26,330,750,1,905,0,636,747,724,771,923,146,797,38,424,805,4,300,119,26,284,745,1,45,0,612,60,724,2d623bd1ab81ec5cc998ffd485860bdc14a61272
2025-08-17,139.0.7258.68,928,1000,958,971,759,891,955,982,1000,1000,1000,696,906,977,994,500,975,143,1000,141.0.3,999,972,147,855,809,673,1000,4,1000,119,1000,954,959,1,45,500,995,777,1000,18.6 (20621.3.11.11.3),772,945,146,913,38,598,843,4,300,817,26,330,750,1,905,0,636,747,724,748,923,146,797,38,424,798,4,300,119,26,284,745,1,45,0,612,60,724,247ab0f5c7b9c83b49f4a1fbe30884a468ac3e94
2025-08-18,139.0.7258.68,928,1000,958,971,751,891,955,982,1000,1000,1000,696,906,977,994,500,975,143,1000,141.0.3,999,972,147,855,809,673,1000,4,1000,119,1000,954,959,1,45,500,995,777,1000,18.6 (20621.3.11.11.3),796,945,146,913,38,598,850,4,300,817,26,330,750,1,905,0,636,747,724,771,923,146,797,38,424,805,4,300,119,26,284,745,1,45,0,612,60,724,ed6c21ecccc2390d0ae8a1331bcb732b13b58345
2025-08-19,139.0.7258.68,928,999,958,971,759,891,955,982,1000,1000,1000,696,906,977,994,500,975,143,1000,141.0.3,999,972,147,855,809,673,1000,4,1000,119,1000,954,959,1,45,500,995,777,1000,18.6 (20621.3.11.11.3),772,945,146,913,38,598,843,4,300,817,26,330,750,1,905,0,636,747,724,748,922,146,797,38,424,798,4,300,119,26,284,745,1,45,0,612,60,724,bdcdd74a91cfd77b129953f505b483d4110cfabf
2025-08-22,139.0.7258.138,928,1000,958,971,759,891,902,982,1000,1000,1000,696,906,971,994,500,975,143,1000,142.0,999,974,147,1000,809,673,1000,4,1000,119,1000,954,959,966,41,500,995,777,1000,18.6 (20621.3.11.11.3),796,945,146,913,38,598,793,4,300,817,17,330,750,1,905,0,636,747,724,771,923,146,884,38,424,749,4,300,119,17,284,745,1,41,0,612,60,724,90bf88acc8231c71479b44d9733fca3e779c1b0b
2025-08-24,139.0.7258.138,928,1000,958,971,759,891,902,982,1000,1000,1000,696,906,971,994,500,975,143,1000,142.0,999,974,147,1000,809,673,1000,4,1000,119,1000,951,959,966,41,500,995,777,1000,18.6 (20621.3.11.11.3),796,945,146,913,38,598,800,4,300,817,26,330,750,1,905,0,636,747,765,771,923,146,884,38,424,755,4,300,119,26,284,745,1,41,0,612,60,765,b944f56d948aa3f7cc52375889c2dbb4f475bdf5
2025-08-25,139.0.7258.138,928,1000,958,971,759,891,902,982,1000,1000,1000,696,906,971,994,500,975,143,1000,142.0,999,974,147,1000,818,673,1000,4,1000,119,1000,951,959,966,41,500,995,777,1000,18.6 (20621.3.11.11.3),796,945,146,913,38,598,793,4,300,817,26,330,750,1,905,0,636,747,765,771,923,146,884,38,424,749,4,300,119,26,284,745,1,41,0,612,60,765,701d395a621b9428046b25c098579180e879a01d
2025-08-28,139.0.7258.154,928,1000,958,971,759,891,902,982,1000,1000,1000,696,906,971,994,500,975,143,1000,142.0.1,999,974,147,1000,818,673,1000,4,1000,119,1000,951,959,966,41,500,995,777,1000,18.6 (20621.3.11.11.3),796,945,146,913,38,598,800,4,300,817,26,330,750,1,905,0,636,747,765,771,923,146,884,38,424,755,4,300,119,26,284,745,1,41,0,612,60,765,24234ae57b11711d1883c84defd412bc739bf5de
2025-08-31,139.0.7258.154,952,1000,958,971,751,891,902,982,1000,1000,714,696,906,971,994,500,975,143,1000,142.0.1,999,974,147,1000,809,673,1000,4,1000,119,1000,954,959,966,41,500,995,777,1000,18.6 (20621.3.11.11.3),796,945,146,913,38,598,800,4,300,817,26,330,750,1,905,0,636,747,765,771,923,146,884,38,424,755,4,300,119,26,284,745,1,41,0,612,60,765,be041de517a162369c372dd64bdd81357b245781
2025-09-01,139.0.7258.154,952,1000,958,971,759,891,902,982,1000,1000,714,696,906,971,994,500,975,143,1000,142.0.1,999,974,147,1000,809,673,1000,4,1000,119,1000,951,959,966,41,500,995,777,1000,18.6 (20621.3.11.11.3),820,945,146,913,38,598,793,4,300,817,26,330,750,1,905,0,636,747,765,795,923,146,884,38,424,749,4,300,119,26,284,745,1,41,0,612,60,765,fea27a290c472feb326b95d177e7459d038c4b7b
2025-09-08,140.0.7339.80,952,1000,964,971,759,891,947,982,1000,1000,714,696,959,971,999,500,1000,143,1000,142.0.1,999,974,147,1000,809,673,1000,4,1000,119,1000,954,959,966,41,500,995,777,1000,18.6 (20621.3.11.11.3),820,945,146,913,38,598,800,4,300,817,17,330,750,1,905,0,636,747,765,795,923,146,884,38,424,800,4,300,119,17,284,750,1,41,0,636,60,765,9394077edeaa8bde7b666cb16bda9f6ee12b1ed6
2025-09-10,140.0.7339.82,952,1000,964,971,759,891,947,982,1000,1000,714,696,959,971,999,500,1000,143,1000,142.0.1,999,974,147,1000,818,673,1000,4,1000,119,1000,954,959,966,41,500,995,777,1000,18.6 (20621.3.11.11.3),820,945,146,913,38,598,793,4,300,817,26,330,750,1,905,0,636,747,765,795,923,146,884,38,424,793,4,300,119,26,284,750,1,41,0,636,60,765,7b8cf4a0bcbbce90869b96dbeb7e9790c19355c1
2025-09-12,140.0.7339.82,952,1000,964,985,751,891,947,982,1000,994,857,696,959,971,1000,500,1000,143,1000,142.0.1,999,974,147,1000,809,673,1000,4,1000,117,1000,954,959,966,41,500,995,777,1000,18.6 (20621.3.11.11.3),820,945,146,913,38,598,800,4,300,813,26,330,750,1,905,0,636,747,765,795,923,146,898,38,424,800,4,300,117,26,284,750,1,41,0,636,60,765,c3fd99b10876a55aad00561046839510ca15045b
2025-09-13,140.0.7339.82,952,1000,964,985,742,891,947,982,1000,994,857,696,959,971,1000,500,1000,143,1000,142.0.1,999,974,147,1000,809,673,1000,4,1000,117,1000,954,959,966,41,500,995,777,1000,18.6 (20621.3.11.11.3),820,945,146,913,38,598,793,4,300,813,17,330,750,1,905,0,636,747,765,795,923,146,898,38,424,793,4,300,117,17,284,750,1,41,0,636,60,765,fd7ac17ccd14ba766a98f10da27adfe44e95a093
2025-09-17,140.0.7339.82,952,1000,964,985,759,891,947,982,1000,962,857,696,959,971,996,500,1000,143,1000,143.0,999,986,147,1000,818,1000,1000,4,1000,117,1000,951,1000,966,41,500,995,777,1000,18.6 (20621.3.11.11.3),820,945,147,913,38,598,793,4,300,814,26,330,750,1,901,0,636,747,765,795,935,147,898,38,598,793,4,300,117,26,284,750,1,41,0,636,60,765,74c5a7d119a848ed97a63f297eb8e417bde7facd
2025-09-18,140.0.7339.185,952,1000,964,985,751,891,947,982,1000,962,857,696,959,971,996,500,1000,143,1000,143.0,999,986,147,1000,818,1000,1000,4,1000,117,1000,954,1000,966,41,500,995,777,1000,18.6 (20621.3.11.11.3),820,945,147,913,38,598,800,4,300,814,26,330,750,1,901,0,636,747,765,795,935,147,898,38,598,800,4,300,117,26,284,750,1,41,0,636,60,765,c2888b56ea9fa5975d8d5e3d167e32263e532613
2025-09-20,140.0.7339.185,952,1000,949,985,759,891,947,987,1000,962,1000,696,959,971,996,500,1000,143,1000,143.0.1,999,986,147,1000,827,1000,1000,4,1000,117,1000,954,1000,966,41,500,995,777,1000,26.0 (21622.1.22.11.14),754,954,796,985,38,598,800,4,1000,836,17,443,795,1000,694,0,697,950,779,730,945,147,971,38,598,800,4,1000,117,17,397,795,966,41,0,697,60,779,7142772429001e07c1bb2cbd780b6315085e5fae
2025-09-21,140.0.7339.185,952,1000,949,985,759,891,947,987,1000,962,1000,696,959,971,996,500,1000,143,1000,143.0.1,999,986,147,1000,809,1000,1000,4,1000,117,1000,951,1000,966,41,500,995,777,1000,26.0 (21622.1.22.11.14),814,954,796,985,38,598,800,4,1000,852,17,443,795,1000,597,0,697,950,782,789,945,147,971,38,598,800,4,1000,117,17,397,795,966,41,0,697,60,782,1dbf4836b292d55e82bcdd23cfea6b3192e461ba
2025-09-22,140.0.7339.185,952,1000,949,985,759,891,947,987,1000,962,1000,696,959,971,996,500,1000,143,1000,143.0.1,999,986,147,1000,818,1000,1000,4,1000,117,1000,951,1000,966,41,500,995,777,1000,26.0 (21622.1.22.11.14),814,954,796,985,38,598,793,4,1000,852,26,443,795,1000,597,0,697,950,782,789,945,147,971,38,598,793,4,1000,117,26,397,795,966,41,0,697,60,782,1d3fbb842fe3ad007c5f920f717455c83ce557ed
2025-09-23,140.0.7339.185,952,1000,949,985,759,891,947,987,1000,962,1000,696,959,971,996,500,1000,143,1000,143.0.1,999,986,147,1000,809,1000,1000,4,1000,117,1000,954,1000,966,41,500,995,777,1000,26.0 (21622.1.22.11.14),814,954,796,985,38,598,793,4,1000,852,17,443,795,1000,919,0,697,950,782,789,945,147,971,38,598,793,4,1000,117,17,397,795,966,41,0,697,60,782,65e937c99b32283619e54d126c6db99fd5031a97
2025-09-24,140.0.7339.207,952,1000,947,985,751,891,947,987,1000,962,1000,696,959,971,996,500,1000,146,1000,143.0.1,999,986,147,1000,818,1000,1000,4,1000,117,1000,954,1000,966,41,500,995,782,1000,26.0 (21622.1.22.11.14),814,954,795,985,38,598,793,4,1000,852,26,443,795,1000,918,0,697,955,782,789,945,147,971,38,598,793,4,1000,117,26,397,795,966,41,0,697,63,782,d7c338a000864f602f9ba51e6743826b5bd8c5b6
2025-09-25,140.0.7339.207,952,1000,934,985,759,891,947,987,1000,962,1000,696,959,971,996,500,1000,146,1000,143.0.1,999,986,147,1000,827,1000,1000,4,1000,117,1000,954,1000,966,41,500,983,782,1000,26.0 (21622.1.22.11.14),814,954,793,985,38,598,793,4,1000,852,17,443,795,1000,918,0,697,955,782,789,945,147,971,38,598,793,4,1000,117,17,397,795,966,41,0,685,63,782,d2237d464332c35f78afb7f178e3dd44732cdbf1
2025-09-26,140.0.7339.207,952,1000,934,985,759,891,947,987,1000,962,1000,696,959,971,996,500,1000,63,1000,143.0.1,999,986,147,1000,818,1000,1000,4,1000,117,1000,951,1000,966,41,500,995,782,1000,26.0 (21622.1.22.11.14),814,954,793,985,38,598,793,4,1000,852,26,443,795,1000,918,0,697,955,782,789,945,147,971,38,598,793,4,1000,117,26,397,795,966,41,0,697,63,782,00cb0b9deaa15124079f16af15ab2f2ac4d2aff9
2025-09-27,140.0.7339.207,952,1000,934,985,759,891,947,987,1000,962,1000,696,959,971,996,500,1000,146,1000,143.0.1,999,986,147,1000,809,1000,1000,4,1000,117,1000,951,1000,966,41,500,995,782,1000,26.0 (21622.1.22.11.14),820,954,793,985,38,598,800,4,1000,852,17,443,795,1000,952,0,697,955,782,795,945,147,971,38,598,800,4,1000,117,17,397,795,966,41,0,697,63,782,a8f6dbc90606af3a4d8776690f151c44faa26648
2025-09-28,140.0.7339.207,952,1000,934,985,759,891,947,987,1000,962,1000,696,959,971,996,500,1000,146,1000,143.0.1,999,986,147,1000,818,1000,1000,4,1000,117,1000,1000,1000,966,41,500,995,782,1000,26.0 (21622.1.22.11.14),820,954,793,985,38,598,793,4,1000,852,17,443,795,1000,952,0,697,955,782,795,945,147,971,38,598,793,4,1000,117,17,443,795,966,41,0,697,63,782,0aa9fbfcdab453380068ddcf07124f7f9a806903
2025-09-29,140.0.7339.207,952,1000,934,985,751,891,947,987,1000,962,1000,696,959,971,996,500,1000,146,1000,143.0.1,999,986,147,1000,827,1000,1000,4,1000,117,1000,1000,1000,966,41,500,995,782,1000,26.0 (21622.1.22.11.14),820,954,793,985,38,598,793,4,1000,852,26,443,795,1000,949,0,697,955,782,795,945,147,971,38,598,793,4,1000,117,26,443,795,966,41,0,697,63,782,384eaa206c6b8a9ed44d32552764f73cebd7d0a7
2025-09-30,140.0.7339.207,952,1000,934,985,742,891,947,987,1000,962,1000,696,959,971,996,500,1000,146,1000,143.0.1,999,986,147,1000,818,1000,1000,4,1000,117,1000,1000,1000,966,41,500,995,782,1000,26.0 (21622.1.22.11.14),820,954,793,985,38,598,793,4,1000,852,17,443,795,1000,952,0,697,955,782,795,945,147,971,38,598,793,4,1000,117,17,443,795,966,41,0,697,63,782,c3bddb72862a7907b392d210f49eceb395c4ea21
2025-10-03,141.0.7390.54,952,1000,971,985,759,1000,947,987,1000,962,1000,696,1000,1000,996,500,1000,902,1000,143.0.3,999,986,147,1000,818,1000,1000,4,1000,117,1000,1000,1000,966,41,500,995,782,1000,26.0 (21622.1.22.11.14),820,955,793,985,38,598,800,4,1000,852,17,443,795,1000,958,0,697,955,782,795,945,147,971,38,598,800,4,1000,117,17,443,795,966,41,0,697,718,782,7e0fdfa2b2cc7fc7aa68d2151ee1698a4a35b4ed
2025-10-04,141.0.7390.54,952,1000,967,985,759,1000,947,987,1000,962,1000,696,1000,1000,996,500,1000,833,1000,143.0.4,999,986,147,1000,818,1000,1000,4,1000,117,1000,1000,1000,966,41,500,995,782,1000,26.0 (21622.1.22.11.14),820,955,788,985,38,598,800,4,1000,852,26,443,795,1000,956,0,697,955,782,795,945,147,971,38,598,800,4,1000,117,26,443,795,966,41,0,697,718,782,376744a6183d44b96db681e6c4cddcef7a114c13
2025-10-05,141.0.7390.54,952,1000,967,985,742,1000,947,987,1000,962,1000,696,1000,1000,996,500,1000,916,1000,143.0.4,999,986,147,1000,809,1000,1000,4,1000,117,1000,1000,1000,966,41,500,995,782,1000,26.0 (21622.1.22.11.14),820,955,788,985,38,598,793,4,1000,852,26,443,795,1000,956,0,697,955,782,795,945,147,971,38,598,793,4,1000,117,26,443,795,966,41,0,697,718,782,0ca8cfb9b7b349b115b39d9ba4f0303188219f49
2025-10-07,141.0.7390.54,952,1000,967,985,759,1000,947,987,1000,962,1000,696,1000,1000,996,500,1000,916,1000,143.0.4,999,986,147,1000,809,1000,1000,4,1000,117,1000,1000,1000,966,41,500,995,782,1000,26.0 (21622.1.22.11.14),820,955,788,985,38,598,793,4,1000,852,17,443,795,1000,956,0,697,955,782,795,945,147,971,38,598,793,4,1000,117,17,443,795,966,41,0,697,718,782,b23ddccdb892434f494a0c348e878c99e1b15e41
2025-10-08,141.0.7390.65,952,1000,967,985,759,1000,947,987,1000,962,1000,696,1000,1000,996,500,1000,916,1000,143.0.4,999,986,147,1000,818,1000,1000,4,1000,117,1000,1000,1000,966,41,500,995,782,1000,26.0 (21622.1.22.11.14),820,955,788,985,38,598,793,4,1000,852,26,443,795,1000,956,0,697,955,782,795,945,147,971,38,598,793,4,1000,117,26,443,795,966,41,0,697,718,782,fe1ba1cd52648eebee2662d3e8d814b9d242906e
2025-10-09,141.0.7390.65,952,1000,967,985,759,1000,947,980,1000,959,1000,696,1000,1000,996,500,1000,916,1000,143.0.4,999,986,147,1000,818,1000,1000,4,1000,117,1000,1000,1000,966,41,500,995,782,1000,26.0 (21622.1.22.11.14),820,955,788,985,38,598,800,4,1000,852,26,443,795,1000,960,0,697,955,782,795,945,147,971,38,598,800,4,1000,117,26,443,795,966,41,0,697,718,782,0dec9a33d928cbbfc800a19b67668b048a0ef9ad
